Variable_Code,Description,Min_Value,Max_Value,Unknown_Value,Data_Type,Allowed_Values,Source_File,Line,Field
ASTN,"Run name or run number. Since ASTN will be the name used for the output files generated for each run, ASTN must be a unique ID for each run so that the output files are not written over.",,,,text,,EPICRUN.DAT,1,1
ISIT,Site ID number. Must be one of the sites listed in the SITECOM.DAT file.,,,,integer,,EPICRUN.DAT,1,2
IWP1,"Monthly weather station ID number. Must be one of the stations included in the WPM1US.DAT file. If set to zero, EPIC will use the latitude and longitude from WPM1USEL.DAT to choose the closest weather station to the simulated area (latitude and longitude from sitefile.SIT).",,,0,integer,,EPICRUN.DAT,1,3
IWP5,Alternate catalog of monthly weather stations for use with the southern oscillation coefficients in WIDX0810.DAT. Set IWP5 to zero for not using this feature.,,,0,integer,,EPICRUN.DAT,1,4
IWND,"Wind station ID number. Must be one of the stations included in the WINDUSEL.DAT file. If set to zero, EPIC will use the latitude and longitude from WNDUSEL.DAT to choose the closest weather station to the simulated area (latitude and longitude from sitefile.SIT).",,,0,integer,,EPICRUN.DAT,1,5
INPS,Soil ID number. Must be one of the soils included in the SOILCOM.DAT file.,,,,integer,,EPICRUN.DAT,1,6
IOPS,Operation schedule ID number. Must be one of the operation schedules included in OPSCCOM.DAT file. Field Variable name Description,,,,integer,,EPICRUN.DAT,1,7
IWTH,"Daily weather station ID number. Must be one of the stations included in the WDLSTCOM.DAT file. If set to zero, EPIC will use the latitude and longitude from WDLSTCOM.DAT to choose the closest weather station to the simulated area (latitude and longitude from sitefile.SIT). 9 (optional) XKN5 Michaelis-Menten NO3- reduction constant. If a value is provided here, this will overwrite the value read from the PARM1102.DAT file (see section on PARM1102.DAT for details). 10 (optional) XKN3 Michaelis-Menten NO2- reduction constant. If a value is provided here, this will overwrite the value read from the PARM1102.DAT file (see section on PARM1102.DAT for details). 11 (optional) XKN1 Michaelis-Menten N2O reduction constant. If a value is provided here, this will overwrite the value read from the PARM1102.DAT file (see section on PARM1102.DAT for details). 12 (optional) CBVT Cumulative proportion of the BioVolume of spherical and cylindrical organisms. If a value is provided here, this will overwrite the value read from the PARM1102.DAT file (see section on PARM1102.DAT for details).",,,0,integer,,EPICRUN.DAT,1,8
XKN5,"Michaelis-Menten NO3- reduction constant. If a value is provided here, this will overwrite the value read from the PARM1102.DAT file (see section on PARM1102.DAT for details).",,,,integer,,EPICRUN.DAT,1,9
XKN3,"Michaelis-Menten NO2- reduction constant. If a value is provided here, this will overwrite the value read from the PARM1102.DAT file (see section on PARM1102.DAT for details).",,,,integer,,EPICRUN.DAT,1,10
XKN1,"Michaelis-Menten N2O reduction constant. If a value is provided here, this will overwrite the value read from the PARM1102.DAT file (see section on PARM1102.DAT for details).",,,,integer,,EPICRUN.DAT,1,11
CBVT,"Cumulative proportion of the BioVolume of spherical and cylindrical organisms. If a value is provided here, this will overwrite the value read from the PARM1102.DAT file (see section on PARM1102.DAT for details).",,,,integer,,EPICRUN.DAT,1,12
NBYR,"Number of Years for Simulation Duration The number of years can be any number from 1 to hundreds of years; however, 20 to 30 years may be adequate to estimate frequency distributions used to solve many problems. (Range: 1 to 999)",1,999,,integer,,EPICCONT.DAT,1,1
IYR0,"Beginning Year of Simulation If the starting year is before the first year of the historical weather data, ALL weather will be generated. Once the model starts generating weather, it continues until the end of the simulation. For example, if the historical weather data begins on Jan. 1, 1960, and the simulation begins on Jan. 1, 1956, then all the weather will be generated starting on Jan. 1, 1956, to the end of the simulation period. If the simulation period starts on a year included in the historical weather file, but the weather data does not extend for the complete simulation period, weather will be generated from the point the historical weather data ends to the end of the simulation period. For example, if the historical weather data begins on Jan. 1, 1960, and extends to Dec. 31, 2000, and the simulation period is from Jan. 1, 1996, to Dec. 31, 2005, then generated weather will be used beginning Jan. 1, 2001, and continue to the end of the simulation period (Dec. 31, 2005). (Range: 1880 to 9999)",1880,9999,,integer,,EPICCONT.DAT,1,2
IMO0,Beginning Month of Simulation Most long-term simulations start on January 1. Starting after January 1 may be convenient for simulating systems where data are only recorded during the growing season. (Range: 1 to 12),1,12,,integer,,EPICCONT.DAT,1,3
IDA0,Beginning Day of Simulation Most long-term simulations start on January 1. Starting after January 1 may be convenient for simulating systems where data are only recorded during the growing season. (Range: 1 to 31),1,31,,integer,,EPICCONT.DAT,1,4
IPD,"Print Code for Type of Output The print code (IPD) allows the user to print daily, monthly, or annual output, with or without printing tables describing soil conditions printed in the General Output File (OUT). Annual printouts minimize output volume and may be useful for some long-term simulations. Monthly outputs enable the user to evaluate model performance within the growing season or to examine seasonality of runoff, erosion, and other processes more closely than with annual printouts. Monthly outputs are normally obtained in short-term (1-10 year) simulations and are particularly useful in model testing. Daily outputs are also useful for model testing and for comparison with detailed experimental data. To obtain the desired type of output, IPD can be set to values from 0 to 9, as described below. Allowed values: N0 for annual watershed output N1 for annual printout N2 for annual with soil table N3 for monthly N4 for monthly with soil table N5 for monthly with soil table at harvest N6 for n day interval N7 for soil table only n day interval N8 for n day interval, rainfall days only N9 for n day interval during growing season For IPD 0 to 5, N = 0 prints management operation, N = 1 prevent printing management operation. For IPD 6 to 9, N = days interval to prints output in the OUT file. Management operations always printed.",,,,integer,0=annual watershed; 1=annual; 2=annual+soil table; 3=monthly; 4=monthly+soil table; 5=monthly+soil table at harvest; 6=n-day interval; 7=soil table n-day; 8=n-day rain days only; 9=n-day growing season,EPICCONT.DAT,1,5
NGN,"Input Code for Weather Variables EPIC can read one or more daily weather variables from an external file specified by the user. The weather input code, NGN, specifies which variables will be read; all others will be generated by APEX's stochastic weather data generator. If NGN is not set to zero, precipitation is read from the external file designated in the EPICRUN.DAT file. In addition to precipitation, any combination of the other daily weather variables can be read. The integers 1 through 5 are used to identify specific weather inputs that must be read from the selected daily weather file, as follows: 1 Precipitation 2 Maximum and minimum temperatures 3 Solar radiation 4 Average wind speed 5 Average relative humidity If any daily weather variables are input, precipitation must also be input. Thus, it is not necessary to specify ID=1 unless rain is the only input variable Example values of NGN are given below. NGN=0: Generate all weather variables (spatially distributed). NGN=1: Read precipitation; generate other variables. NGN=2: Read maximum and minimum temperatures and precipitation; generate other variables. NGN=3: Read solar radiation and precipitation; generate other variables. NGN=4: Read wind speed and precipitation; generate other variables. NGN=5: Read relative humidity and precipitation; generate other variables. NGN=23: Read maximum and minimum temperatures, solar radiation, and precipitation; generate wind speed and relative humidity. NGN=2345: Read all weather variables. NOTE: If weather data is not available for selected parameters, weather data is automatically generated. The model will use all available data for the selected parameters and generate when data for those select parameters is missing.",,,,integer,0=generate all weather; 1=read precip; 2=read temp+precip; 3=read solar+precip; 4=read wind+precip; 5=read RH+precip; 23=read temp+solar+precip; 2345=read all,EPICCONT.DAT,1,6
IGN,"Number of Times Random Number Generator Cycles Before Simulations Starts The random number generator is used to generate stochastically a series of daily weather data for input into other components of APEX. By changing IGN, the user can alter the sequence of generated weather data without changing its long-term statistical properties. Default setting: 0 (Range: 0 to 100) In some situations, a user may wish to vary the weather sequence between runs. This is done by setting IGN to a different number each time the model is run. Setting IGN to a value greater than zero will activate a random number generator, which will replace the default set of random numbers with a new set. The value to which IGN is set determines the number of times the random number generator cycles before the simulation begins. The seeds produced by the random number generator are then used by the weather generator instead of the default values. Historical weather data read into the model is not affected by this variable. However, if the historical weather data contains missing data, the weather generator will be used to generate data to replace the missing data. The generated data used to replace the missing data is affected by this variable. If IGN and the monthly weather statistics are not changed, successive simulations will have identical weather sequences.",0,100,0,integer,,EPICCONT.DAT,1,7
IGS0,"Day Weather Generator Stops Generating Daily Weather: This variable is used for real time simulations. When IGS0 is a negative integer, it indicates the total number of whole and partial years of input weather data. Normally, only a partial year (January 1 to planting date, for example) of measured weather data are used, thus IGS0 = -1. To estimate 20 alternative yield possibilities using input weather data for only part of a year, set NBYR to 20 and IGS0 to -1.(Range: -N to 366) 0 Normal operation of weather model N Duplicate weather in a given year up to date n -N Rewinds weather after n years 366 Gives a rough estimate of the average yield with only two years of simulation. IGS0 can also be used to simulate yield where the same weather data set is used many times. For example, if IGS0 is set to -3, this tells the model to reuse the three years of input weather data then rewind and use it again multiple times until NBYR is met",,,,integer,"0=Normal operation of weather model; N=Duplicate weather in a given year up to date n; -N=Rewinds weather after n years; 366=Gives a rough estimate of the average yield with only two years of
simulation.",EPICCONT.DAT,1,8
LPYR,"Leap Year Considered Allowed values: 0 Leap year is considered. 1 Leap year is ignored. Tells the model to expect only 365 days of input weather data and generate only 365 days of weather ignoring February 29th. ATTENTION: In this case, February 29th must be deleted from the weather input file.",,,,integer,0=leap year considered; 1=leap year ignored,EPICCONT.DAT,1,9
IET,"Potential Evapotranspiration Equation Approach This field enables the user to choose which equation will be used to estimate the potential evapotranspiration (PET). Allowed values: 0 *(default) Hargreaves 1 *Penman-Monteith (usually for windy conditions). Adds a logarithmic eddy diffusion function and canopy resistance to the Penman equations. This option works best when measure data for all the weather variables are available. 2 *Penman. Adds relative humidity, wind speed, and elevation of wind measurements to the required weather inputs. This option works best when measure data for all the weather variables are available. 3 Priestley-Taylor. Requires radiation, as well as temperature as an input. 4 Hargreaves. Has two parameters which can be adjusted to calibrate the model for factors such as proximity to a major water body. 5 Baier-Robertson. Developed in cold environment. * Requires the entry of elevation (ELEV), monthly mean wind velocities (WVL). These equations also need relative humidity; however, if relative humidity is blank, EPIC will estimate relative humidity. Dew point can also be used.",,,,integer,0=Hargreaves (default); 1=Penman-Monteith; 2=Penman; 3=Priestley-Taylor; 4=Hargreaves (adjustable); 5=Baier-Robertson,EPICCONT.DAT,1,10
ISCN,"Stochastic CN Estimator Code The final step in EPIC’s estimation of runoff volume is an attempt to account for uncertainty. The runoff retention parameter or curve number is based on land use, management, hydrologic soil group, land slope, soil water content and distribution. It is also adjusted for frozen soil. However, many natural processes and management factors that can affect runoff are not accounted for in the model. EPIC enables the user to use either a deterministic or a stochastic method of estimating CN. If the deterministic method is chosen, the curve number is adjusted daily for soil water content (and frozen soil). If the stochastic method is chosen, the deterministic value is varied stochastically on a daily basis using a triangular distribution. The extremes of the distribution are +/- 5 curve numbers from the mean.",,,,integer,0=stochastic CN (default); 1=deterministic CN,EPICCONT.DAT,1,11
ITYP,"Peak rate estimate code Types I and IA represent the Pacific maritime climate with wet winters and dry summers. Type III represents Gulf of Mexico and Atlantic coastal areas where tropical storms bring large 24-hour rainfall amounts. Type II represents the rest of the country. For more precise distribution boundaries in a state having more than one type, contact the SCS State Conservation Engineer (SCS 1986). Allowed values: 0 For modified rational EQ peak rate estimate >0 For SCS TR55 peak rate estimate 1 For type I rainfall pattern 2 For type IA rainfall pattern 3 For type II rainfall pattern 4 For type III rainfall pattern",,,,integer,0=modified rational EQ; 1=SCS TR55 type I; 2=SCS TR55 type IA; 3=SCS TR55 type II; 4=SCS TR55 type III,EPICCONT.DAT,1,12
ISTA,"Static soil profile This code is used to allow EPIC to estimate soil erosion but not change the soil profile other than readily available nutrients and water. With this option set at 1, the subroutines for the estimation of soil erosion are not called during the simulation and the soil characteristics related to the organic carbon and nitrogen content are set to the initial values at the end of each year. In this way, it is possible to simulate multiple years of weather on the same soil and estimate erosion under alternative weathers. Allowed values: 0 For normal erosion soil profile 1 For static soil profile",,,,integer,0=normal erosion soil profile; 1=static soil profile,EPICCONT.DAT,1,13
IHUS,"Automatic heat unit scheduling Based on potential heat units (PHU) In the first year of the run, all operations are assigned a heat unit fraction based on the total number of heat units input at planting and dates assigned to each operation. Calculation of heat units is based on monthly weather statistics. In the following years all operations will occur based on the heat unit schedule assigned to them. This can be used to help adjust operations to the weather (temperatures) from year to year. Operations occurring from planting to harvest are based on heat units set at planting. Operations occurring before planting are based on total annual heat units, which are calculated by the model. Allowed values: 0 Normal operation 1 Automatic heat unit schedule (Number of growing degree units needed for crop to reach maturity (PHU) must be input at planting)",,,,integer,0=normal operation; 1=automatic heat unit schedule,EPICCONT.DAT,1,14
IRRS,Simulation of root respiration Activates the simulation of root respiration in the denitrification subroutine NDNITCI. This option works only with the Cesar Izaurralde's denitrification method (IDN = 3 or IDN = 4). Allowed values: 0 Root respiration calculated in NDNITCI 1 Root respiration not considered in NDINITCI,,,,integer,0=root respiration calculated; 1=root respiration not considered,EPICCONT.DAT,1,15
NVCN,Non-varying CN-CN2 used Allowed values: 0 Variable daily CN nonlinear CN/SW with depth soil water weighting (Use Parm 81 to adjust) 1 Variable daily CN nonlinear CN/SW without depth weighting 2 Variable daily CN linear CN/SW no depth weighting 3 Non-varying CN – CN2 used for all storms 4 Variable daily CN SMI (soil moisture index),,,,integer,0=variable daily CN nonlinear with depth weighting; 1=variable daily CN nonlinear without depth weighting; 2=variable daily CN linear no depth weighting; 3=non-varying CN2; 4=variable daily CN SMI,EPICCONT.DAT,1,16
INFL0,"Runoff (Q) estimation methodology Allowed values: 0 CN estimate of Q 1 Green & Ampt (G&A) estimate of Q, Rainfall Exponential Distribution, Peak Rainfall Rate simulated 2 G&A estimate of Q, Rainfall Exponential Distribution, Peak Rainfall Input 3 G&A estimate of Q, Rainfall uniformly distributed, Peak RF Input",,,,integer,"0=CN estimate of Q; 1=G&A exponential dist, peak simulated; 2=G&A exponential dist, peak input; 3=G&A uniform dist, peak input",EPICCONT.DAT,1,17
MASP,"Pesticide in output report Allowed values: -1 For mass only no pesticide in .OUT file 0 For mass only, pesticides in .OUT file 1 For pesticide and nutrient output in mass and concentration",,,,integer,-1=mass only no pesticide in OUT; 0=mass only pesticide in OUT; 1=pesticide and nutrient mass and concentration,EPICCONT.DAT,1,18
LBP,Soluble phosphorus runoff estimate equation Allowed values: 0 For soluble phosphorus runoff estimate using GLEAMS pesticide equation 1 For modified nonlinear approach,,,,integer,0=GLEAMS pesticide equation; 1=modified nonlinear approach,EPICCONT.DAT,1,19
NSTP,"Real time day of year (Columns 77-80) Day of year selected to be the stopping point up until which weather, crop growth, etc. are known. The remainder of the year is projected. (Range: 0 to 365)",0,365,,integer,,EPICCONT.DAT,1,20
IGMX,Number of times generator seeds are initialized for a site (Range: 1 to 100),1,100,,integer,,EPICCONT.DAT,2,1
IERT,Enrichment Ratio Method Sets the method to simulate organic material lost in runoff. Allowed values: 0 EPIC enrichment ratio method 1 GLEAMS enrichment ratio method,,,,integer,0=EPIC enrichment ratio; 1=GLEAMS enrichment ratio,EPICCONT.DAT,2,2
ICG,"Crop growth biomass conversion method Allowed values: 0 Traditional EPIC radiation to biomass conversion 1 New experimental water-use to biomass conversion NOTE: If the water use to biomass approach is selected, value for variable WUB in EPIC in plant list file (CROPCOM.DAT) must be provided.",,,,integer,0=traditional EPIC radiation to biomass; 1=water-use to biomass conversion,EPICCONT.DAT,2,3
LMS,"Code for liming operation EPIC enables the user to simulate application of agricultural limestone to increase soil pH and/or reduce soil aluminum saturation. For many soils and applications of EPIC, this feature is not needed; therefore, it can be turned off by setting LMS to 1. Long term simulations with noncalcareous soils and either nitrogen fertilizer or nitrogen-fixing legumes often requires liming to prevent acidification of the soil and reduction of crop growth. Allowed values: 0 For automatic lime application as needed to prevent acidification of the soil 1 No lime applied",,,,integer,0=automatic lime application; 1=no lime applied,EPICCONT.DAT,2,4
ICF,C factor selector for erosion equation Allowed values: 0 To use RUSLE C factor for all erosion equations 1 To use EPIC C factor for all erosion equations except RUSLE,,,,integer,0=RUSLE C factor for all equations; 1=EPIC C factor for all except RUSLE,EPICCONT.DAT,2,5
ISW,"Field capacity and wilting point estimation method ISW allows the user to select the method used to provide values for the soil water content at field capacity (FC) and wilting point (WP). Allowed values: 0 Dynamic FC and WP estimated with Rawls method. 1 Dynamic FC and WP estimated with Baumer method. 2 Dynamic FC and WP estimated with Rawls method starting with input data. FC and WP data must be provided in the soil file. 3 Dynamic FC and WP estimated with Baumer method starting with input data. FC and WP data must be provided in the soil file. 4 Static FC and WP estimated with Rawls method. FC and WP are estimated and kept constant for the entire simulation. 5 Static FC and WP estimated with Baumer method. FC and WP are estimated and kept constant for the entire simulation. 6 Static input FC and WP. Data provided in the soil files are kept constant for the entire simulation. 7 Dynamic FC and WP estimated with the nearest neighbor method. The input file SOIL35K.DAT must be provided. 8 Static FC and WP estimated with the nearest neighbor method. FC and WP are estimated and kept constant for the entire simulation. The input file SOIL35K.DAT must be provided. 9 Dynamic FC and WP estimated with the Behrman-Norfleet-Williams (BNW) method (Behrman, Norfleet, & Williams, 2016). 10 Static FC and WP estimated with the Behrman-Norfleet-Williams (BNW) method. FC and WP are estimated and kept constant for the entire simulation (Behrman et al., 2016).",,,,integer,0=dynamic FC/WP Rawls; 1=dynamic FC/WP Baumer; 2=dynamic Rawls from input; 3=dynamic Baumer from input; 4=static Rawls; 5=static Baumer; 6=static input FC/WP; 7=dynamic nearest neighbor; 8=static nearest neighbor; 9=dynamic BNW; 10=static BNW,EPICCONT.DAT,2,6
IRW,"Daily weather data usage option When set to zero, the model uses the daily weather input data as usual. If set to one, the model will use the weather station set in the first run for all the subsequent runs. Moreover, when going from one run to the next one, the weather data will be read continuously. For example, if for run 1 the user selects 2 years of simulation starting in 2001, the model will use weather data of the appropriate weather station (let's call it station A). Data from 2001 for the first year and data from 2002 for the second year of simulation. If the subsequent run simulates a two-year period, data from station A will be used for this simulation and data from 2003 will be used for the first year of simulation and from 2004 for the second year of simulation.Allowed values: 0 For normal runs with daily weather input, 1 For continuous daily weather from run to run (no rewind)",,,,integer,0=normal daily weather; 1=continuous daily weather run to run,EPICCONT.DAT,2,7
ICO2,Atmospheric CO2 concentration ICO2 allows to set the dynamic of the atmospheric CO2 concentration during the simulation. Allowed values: 0 For constant atmospheric CO2 concentration. CO2 concentration must be provided with variable CO20 or variable CO2X. 1 For dynamic atmospheric CO2 concentration. The initial CO2 concentration is calculated by EPIC and is increased linearly during the simulation. 2 For inputting the atmospheric CO2 concentration in the daily weather file. See the daily weather file section for more details.,,,,integer,0=constant CO2; 1=dynamic CO2 linear increase; 2=CO2 input in daily weather file,EPICCONT.DAT,2,8
NTV,Nitrogen volatilization method NTV allows to select the method used to simulate nitrogen volatilization. Allowed values: 0 Original EPIC nitrogen volatilization equations 1 Revised nitrogen volatilization equations by C. Izaurralde,,,,integer,0=original EPIC N volatilization; 1=revised Izaurralde N volatilization,EPICCONT.DAT,2,9
ICOR,"Southern oscillation correction If greater than zero, it sets the day of the year when the weather correction to simulate input monthly average values stops. Works only if multi-run option is activated. When activated, the values for temperature and precipitation in the WP1 file are corrected using the observed daily weather data used during the simulation. (Range: 0 – 365) 0 Normal run – no southern oscillation >0 Day of the year when southern oscillation correction to simulate input monthly means stops",0,365,,integer,,EPICCONT.DAT,2,10
IDN,"Denitrification method code Selects the approach used to simulate the denitrification process. Allowed values: 1 Original EPIC denitrification approach 2 Armen Kemanian's denitrification approach 3 Cesar Izaurralde's denitrification approach (original DW) (R. C. Izaurralde et al., 2017) 4 Cesar Izaurralde's denitrification approach (new DW) (R. C. Izaurralde et al., 2017)",,,,integer,1=original EPIC; 2=Kemanian; 3=Izaurralde original DW; 4=Izaurralde new DW,EPICCONT.DAT,2,11
NUPC,Nitrogen and Phosphorus plant uptake concentration code Selects the approach used to estimate the optimal N and P plant concentration. Allowed values: 0 Smith curve 1 S-curve,,,,integer,0=Smith curve; 1=S-curve,EPICCONT.DAT,2,12
IOX,Oxygen – depth function code Selects the method used to estimate the oxygen concentration in the soil. Allowed values: 0 For original EPIC oxygen/depth function 1 For Armen Kemanian's carbon/clay function 2 For new oxygen ratio method,,,,integer,0=original EPIC oxygen/depth; 1=Kemanian carbon/clay; 2=new oxygen ratio,EPICCONT.DAT,2,13
IDI0,Data directory Selects from where to read the input data. Allowed values: 0 For reading data from the working directory 1 For reading data from weather directory 2 For reading data from working directory plus 3 other directories.,,,,integer,0=read from working directory; 1=read from weather directory; 2=read from working + 3 other directories,EPICCONT.DAT,2,14
ISAT,Saturated conductivity code ISAT allows the user to select if the soil saturated conductivity is provided in the soil file or if it must be estimated by the model. Allowed values: 0 For reading saturated conductivity from the soil profile data 1 For computing saturated conductivity with Rawls method,,,,integer,0=read saturated conductivity from soil; 1=compute with Rawls method,EPICCONT.DAT,2,15
IAZM,Latitude source code Allowed values: 0 For using input latitude for the field 1 For computing equivalent latitude based on azimuth orientation of land slope,,,,integer,0=use input latitude; 1=compute equivalent latitude from azimuth,EPICCONT.DAT,2,16
IPAT,Auto phosphorus fertilization code Turn on or off the automatic application of P. Allowed values: 0 Turn off auto-phosphorus fertilization 1 Turns auto-phosphorus fertilization on,,,,integer,0=auto-P off; 1=auto-P on,EPICCONT.DAT,2,17
IEVI,"Photosynthetic Active Radiation (PAR) estimation approach IEVI is used to select how the PAR is estimated during the simulation. Allowed values: 0 PAR driven by crop LAI development. 1 PAR driven by EVI from remote sensing. If IEVI is set equal to one, vegetation index (EVI) obtained from remote sensing must be input in the daily output file as eighth variable.",,,,integer,0=PAR driven by crop LAI; 1=PAR driven by EVI from remote sensing,EPICCONT.DAT,2,18
IPRK,"Soil water percolation method IPRK allows the user to select the method to estimate the soil water percolation during the simulation. Allowed values: 0 For original EPIC approach. 1 For Variable Saturation Hydraulic Conductivity (VSHC) method (Doro et al., 2018)",,,,integer,0=original EPIC percolation; 1=VSHC method,EPICCONT.DAT,2,19
ICP,"Carbon/Nitrogen Mineralization Method Selects the method used to simulate the soil organic carbon and nitrogen dynamics. Allowed values: 0 For the Phoenix approach (McGill, Hunt, Woodmansee, & Reuss, 1981) 1 For the Century approach (R. Izaurralde, Williams, McGill, Rosenberg, & Jakas, 2006)",,,,integer,0=Phoenix approach; 1=Century approach,EPICCONT.DAT,2,20
ISLT,"Soil temperature simulation method Selects the approach used to simulate the soil temperature. For more information see (Doro et al., 2021) Allowed values: 0 For original EPIC cosine function (SOLT subroutine) 1 For enhanced cosine function (subroutine SOLT_eCOS) 2 For temperature transfer approach (subroutine SOLT_TT)",,,,integer,0=original cosine function; 1=enhanced cosine function; 2=temperature transfer approach,EPICCONT.DAT,2,21
RFN0,"Average concentration of nitrogen in rainfall (ppm) The average concentration of N in rainfall may vary slightly for different locations. However, since the rainfall N contribution is a relatively small component of the N cycle, a value of 0.8 ppm or mg N/liter is generally satisfactory. If site-specific information is available, the user is free to set the value appropriately. (Range: 0.50 to 1.50)",0.5,1.5,,real,,EPICCONT.DAT,3,1
CO20,Carbon dioxide concentration in atmosphere (ppm) The amount of carbon dioxide in the atmosphere (ppm) used to begin the simulation. See variable ICO2 for atmospheric CO2 concentration options. (Range: 0 to 1000),0,1000,,real,,EPICCONT.DAT,3,2
CNO30,Concentration of NO3-N in irrigation water (ppm) The amount of mineral nitrogen in irrigation water. (Range: 0 to 1000),0,1000,,real,,EPICCONT.DAT,3,3
CSLT,"Salt concentration in irrigation water (ppm) The amount of salt in irrigation water. For reference, the irrigation water is classified as low salinity (0-456 ppm), moderately salty (456-1425 ppm), salty (1425-2850 ppm), and very salty (>2850 ppm). (Range: 0 –  ?)",0,Inf,,real,,EPICCONT.DAT,3,4
PSTX,"Pest damage scaling factor The factor scales the growth of pests (insects and diseases only) in terms of population growth. It ranges from 0 (no pest growth; pest damage function is shut off) to 10 (maximum pest growth). Under default conditions this parameter is set to 1.00 which produces only minimal pest growth and does not affect yield. This parameter works in conjunction with PARM(9), PARM(10), S-curve parameter 9 in the EPIC parameter file (PARM1102.DAT), and variable PST in the EPIC plant list file (CROPCOM.DAT). Pest damage function can be regulated from very mild (0.05-0.10) to very severe (1.00-10.00). (Range: 0 to 10)",0,10,,real,,EPICCONT.DAT,3,5
YWI,Number years of maximum monthly 0.5-hour rainfall available Can be obtained from the U.S. Department of Commerce (0 if WI is not imputed). Default setting: 10 (Range: 0 to 20),0,20,10,real,,EPICCONT.DAT,3,6
BTA,"Coefficient governing wet-dry probabilities given days of rain Used to estimate wet-dry rainfall probabilities if information is only available for the average monthly number of wet days. Generally, the number of wet days is much more readily available than the wet-dry rainfall probabilities. A value of 0.75 for BTA usually gives satisfactory estimates of the wet-dry probabilities. May be left zero if daily rainfall is inputted. May be left zero if rainfall is generated and wet-dry probabilities are input. Default setting: 0.75 (Range: 0 to 1)",0,1,0.75,real,,EPICCONT.DAT,3,7
EXPK,Parameter used to modify exponential rainfall amount distribution The modified exponential distribution is used to generate rainfall amounts if the standard deviation and skew coefficient are not available. An EXPK value of 1.3 gives satisfactory results in many locations. May be left 0.0 if unknown or if standard deviation of rainfall and skew coefficient for daily precipitation are input. Default setting: 1.3 (Range: 0 to 2),0,2,1.3,real,,EPICCONT.DAT,3,8
FL,"Field length (if wind erosion is to be considered) in kilometers If the normal wind erosion calculation is to be utilized (Wind Erosion Adjustment Factor (ACW) = 1), field dimensions and orientation must be specified. This variable refers to the length of the field that is exposed to the wind. Without trees, FL = length of the field. With trees, FL < length of the field. If wind erosion is simulated for specific sites, FL, FW, and ANG can be measured easily. However, hypothetical sites are often used in long-term simulations associated with large- scale decision making. In such cases, values of FL, FW, and ANG should be chosen to represent typical field configurations of the area. Efforts to match field dimensions and drainage area are not necessary. The field dimensions are used only to estimate wind erosion, with the exception that FL is used to estimate water erosion from furrow irrigation. Thus, the simulation site may be a small area (1 ha) in a field of 1.0 by 0.5 km. It should be noted that the change in simulated wind erosion is not large for any FL > 0. 3 km. Therefore, estimations of FL and FW are not usually critical for fields with areas greater than about 10 ha. When fields larger than 10 ha are strip cropped, however, the estimation of FW becomes more important. To evaluate the effect of strip cropping, FW is estimated as the average width of the strips. If FL is set to zero, a value of 0.632 is assigned by default. (Range:0.001 to  ?)",0.001,Inf,0.632,real,,EPICCONT.DAT,3,9
FW,"Field width (if wind erosion is to be considered) in kilometers See variable FL for further information. If FW is set to zero, a value of 0.316 is assigned by default. (Range: 0.001 to  ?)",0.001,Inf,0.316,real,,EPICCONT.DAT,3,10
ANG0,"Clockwise angle of field length from north (deg) It is used only if wind erosion is simulated. If ANG is known, enter the value in degrees. It can be left at zero if the simulation of wind erosion is not needed. (Range: 0 to 360)",0,360,0,real,,EPICCONT.DAT,4,1
STD0,"Standing dead crop residue (Mg ha-1) Standing dead crop residue present at the beginning of the simulation. STD0 can be left at zero if unknown, however, year one will not have standing dead residue prior to crop growth. Crop residue will be present only after the first crop cycle. (Range: 0 to 1000)",0,1000,,real,,EPICCONT.DAT,4,2
UXP,"Power parameter of modified exponential distribution of wind speed (if wind erosion is to be considered) The power parameter of the modified exponential wind speed distribution ranges from about 0.3 to about 0.7. A value of 0.50 usually gives satisfactory estimates of daily wind speed. UXP may be left at 0.0 if unknown, and it will be set to the default value of 0.50. (Range: 0 to 1)",0,1,0,real,,EPICCONT.DAT,4,3
DIAM,Soil particle diameter (micron  µm) It is used only if wind erosion is simulated. Normally this value ranges from 300 to 500  µm (sands). DIAM may be left at 0.0 if unknown and it will be set to its default value of 500.0. (Range: 100 to 500),100,500,,real,,EPICCONT.DAT,4,4
ACW,"Wind erosion adjustment factor: The wind erosion adjustment factor is used along with PEC values to shut off or accelerate soil erosion. As with water erosion, wind erosion can be shut off by setting ACW = 0. If normal wind erosion calculation is desired, set ACW = 1. Also, AWC can be increased to a high level (e.g., ACW=10) as a shortcut in estimating wind erosion effects on the soil profile. Since ACW is related linearly to wind erosion, a 1000-year simulation can be approximated by a 100 years' simulation using ACW=10. (Range: 0 – 10), ACW = 0: No wind erosion, ACW = 1: Normal simulation, ACW > 1: Accelerates wind erosion (condenses time)",0,10,,real,,EPICCONT.DAT,4,5
BIR,"Water stress factor to trigger automatic irrigation BIR is used to trigger automatic irrigation based on selected aspects during the simulation. BIR allows us to select different methods to activate the automatic irrigation considering aspects such as plant water stress or soil water content measured in different ways. The following scheme provides detailed information on how to set BIR to select the method and set the threshold to activate the automatic irrigation. BIR = 0 Only manual irrigation will be used during the simulation. BIR 0 – 1.0 Automatic irrigation based on plant water stress factor. The dimension (1 – BIR) equals the fraction of plant water stress allowed. Consequently, a low BIR allows high plant water stress before triggering automatic irrigation. BIR = 1.0 Does not allow water stress. BIR < 0.0 Automatic irrigation triggered by plant available water deficit in root zone. Number is in mm and must be negative. BIR > 1.0 Automatic irrigation triggered by soil water tension in top 200 mm of the soil profile. Absolute number is in kilopascals. BIR -1000 Sets water deficit high enough that only manual irrigations will occur. Effectively turns auto irrigation off. NOTES    When BIR is set and used with a cropping system that includes more than one crop in rotation, the BIR will apply to all crops in the rotation.    When using a BIR based on anything other than plant water stress (0-1), be aware that irrigation will be applied outside of the growing season if the soil water deficit or soil water tension reaches BIR. This will reduce the amount of water available for irrigation during the growing season.",,,,real,,EPICCONT.DAT,4,6
EFI,"Runoff volume/Volume irrigation water applied The irrigation runoff ratio specifies the fraction of each irrigation application that is lost to runoff. Soluble nutrient loss through runoff applies. Changes in soil slope do not affect this amount dynamically. EFI must be set accordingly, and the irrigation method should be considered. Set to 0 if IRR = 0 (dryland). (Range: 0 to 1)",0,1,,real,,EPICCONT.DAT,4,7
VIMX,"Maximum annual irrigation volume (mm) This is the maximum irrigation volume allowed each year in mm. If several crops are grown in one year, the first crop's needs will be supplied as needed and any remaining water will be applied as needed to the next crop. If all of the water allocated by VIMX is used on the first crop, the second crop will not receive any irrigation. This also applies to manual irrigation. Once the amount of irrigation applied equals VIMX, then no additional irrigation will be applied, regardless of if it is manually or automatically applied.",0,,,real,,EPICCONT.DAT,4,8
ARMN,Minimum single application volume (mm) This is the minimum amount of irrigation allowed for each auto irrigation application.,0,,,real,,EPICCONT.DAT,4,9
ARMX,Maximum single application volume (mm) This is the maximum amount of irrigation allowed for each auto irrigation application in mm. This is the amount of irrigation water applied if rigid automatic irrigation is selected.,0,,,real,,EPICCONT.DAT,4,10
BFT0,"Nitrogen stress factor to trigger auto fertilization: The automatic fertilizer trigger functions like BIR for irrigation. When the plant nitrogen stress level reaches BFT0, nitrogen fertilizer may be applied automatically. If BFT0 is greater than 0, IDF0 must be the Number of the fertilizer selected for the automatic N application.The auto N fertilization can be activated as follows: BFT0 = 0.00 For manual fertilizer application. BFT0 0 – 1 Allows percentage of plant nitrogen stress with the dimension (1 – BFT) equals the fraction of nitrogen stress allowed. BFT0 = 1.00 No nitrogen stress allowed; auto-fertilization is triggered when needed. BFT0 > 1.00 If BFT0 is greater than 1, BFT0 is the ppm (g Mg-1) of nitrogen in soil at which automatic fertilization is triggered.",0,,,real,,EPICCONT.DAT,5,1
FNP,"Fertilizer application variable FNP has two meanings:    If the automatic fertilization is activated, a value greater than 1 will set the fixed amount of fertilizer applied with each automatic application. The value is input as kg ha-1.    If irrigation from lagoon is selected (IRR = 4) FNP indicates the manure input to lagoon in kg/cow/day. If this option is used, the part for automatic fertilization is skipped. To use this option, variables RST0, FFED, VLGN, DDLG, COWW, and SOLQ (below in this section) must be provided.",0,1,,real,,EPICCONT.DAT,5,2
FMX,"Maximum annual N fertilizer applied for a crop (kg ha -1) Maximum amount of nitrogen fertilizer available for application per plant (for annual plants) or per year (for perennial plants and trees). After FMX value has been met, no additional fertilizer will be applied. This variable can be overridden in the operation schedule where it can be set for each planting operation. Refer to section on the EPIC management file (filename.OPC) for further information on setting the maximum annual amount per crop. If FMX is set to zero it is default to 200. NOTE If this variable is set either in the control table file or in the operation schedule and manual fertilization is applied, the model will only apply up to this maximum amount regardless of the amount specified in the manual fertilization operation.",0,,200,real,,EPICCONT.DAT,5,3
DRT,Time requirement for drainage system to end plant stress in days Artificial drainage systems may be very efficient and quickly reduce soil water content or it may take several days for the soil water level to decline sufficiently to eliminate aeration stress. The variable DRT is used to specify the time needed for the drainage system to eliminate stress. In this case time is measured in days. Enter 0 if drainage is not considered. (Range: 0 to 365),0,365,0,real,,EPICCONT.DAT,5,4
FDS0,"Furrow dike safety factor Fraction of furrow dike volume available for water storage. FDS0 controls the volume of water that can be stored in the dike before water tops over the dike. This variable is used to account for uncertainty in the volume of the furrow dike. The volume is calculated from the height of the row, row interval (width of row), length of dike and height of dike. If these values are not very certain, it may be wise to set FDS0 to a low number which indicates that the certainty of dike design in not very high. This will cause the dikes to overflow much quicker, which will affect runoff and erosion. If the certainty of design of the dike is great, FDS0 can be set to 0.9 or higher, which will lessen dike overflow as well as runoff and erosion. (Range: 0 to 1)",0,1,,real,,EPICCONT.DAT,5,5
PEC0,"Erosion control practice factor The erosion-control-practice factor normally ranges from about 0.1 to 0.9 depending upon the effectiveness of the conservation practice. Default = 1.0 for non-contoured fields. However, PEC can be set to 0.0 to eliminate water erosion entirely. At the other extreme, (PEC = 10.0) erosion rates are increased 10 times to improve long-term simulation efficiency. This feature is a big time-saver in estimating water erosion effects on soil properties over periods of up to 1000 years. Obviously, the 1000-year period can be approximated with a 100-year simulation using PEC = 10.0. (Range: 0 to 10)",0,10,1,real,,EPICCONT.DAT,5,6
VLGN,Lagoon volume ratio Normal Lagoon Volume as a fraction of Maximum Lagoon Volume (Normal Lagoon Volume/Maximum lagoon volume). It is needed only when IRR = 4. (Range: 0 to 1),0,1,,real,,EPICCONT.DAT,5,7
COWW,Lagoon input from wash water (m3/cow/day) Needed only when IRR = 4 and owner has at least one head of livestock. Average normal value is 0.15. (Range: 0 to 1),0,1,,real,,EPICCONT.DAT,5,8
DDLG,Time to reduce lagoon storage from maximum to normal (number of days) Needed only when IRR = 4. (Range: 0 to 365),0,365,,real,,EPICCONT.DAT,5,9
SOLQ,Ratio liquid/total manure produced in this feedlot subarea Fraction of total manure produced that goes into a lagoon as liquid. Needed only when IRR = 4 (Range: 0 to 1),0,1,,real,,EPICCONT.DAT,5,10
GZLM,Above ground plant material grazing limit (Mg ha-1) This Is the minimum amount of biomass present in the field to allow grazing activity. The grazing activity stops when the above ground biomass goes below the threshold set with GZLM.,,,,real,,EPICCONT.DAT,6,1
FFED,Fraction of day (24 hours) that herd is in feeding area This is the fraction of the day that herd is in the feeding area and not grazing on pasture. (Range: 0 to 1),0,1,,real,,EPICCONT.DAT,6,2
DZ,Layer thickness for solution of gas diffusion differential equation (m) This information is used only when the Cesar Izaurralde denitrification approaches (see IDN > 2 on line two of the EPIC control file) are selected by the user.,,,,integer,,EPICCONT.DAT,6,3
DRV,"Water erosion driving equation code Specifies the equation used in simulating the water erosion process and interacts with all the EPIC components. In fact, EPIC simulates soil water erosion with all the methods available but only the results obtained with the methods selected by the user interact with the other components of the EPIC model. Allowed values: 0 MUST – Modified MUSLE theoretical equation 1 AOF - Onstad-Foster NOT AVAILABLE 2 USLE - Universal Soil Loss Equation 3 MUSS - Small Watershed MUSLE 4 MUSL - Modified USLE 5 MUSI - MUSLE with input parameters (see BUS(1)) NOT AVAILABLE 6 RUSL – Revised Universal Loss Equation 7 RUS2 – Modified Revised Universal Loss Equation",,,,integer,0=MUST; 1=Onstad-Foster; 2=USLE; 3=MUSS; 4=MUSL; 5=MUSI; 6=RUSL; 7=RUS2,EPICCONT.DAT,6,4
RST0,Base stocking rate (hectares per head) Indicates the number of hectares available per grazer.,,,,real,,EPICCONT.DAT,6,5
STF0,Fraction of storage interacting with nitrate leaching It defines the fraction of soil porosity that is considered in estimating nitrogen leaching. It is overwritten by values provided in the soil file (variable STRF). Default setting: 0.8 (Range: 0.05 to 1),0.05,1,0.8,real,,EPICCONT.DAT,6,6
COIR,Cost of irrigation water ($ m-3 ) This is the cost of water used for irrigation.,,,,real,,EPICCONT.DAT,7,1
COL,Cost of lime ($ Mg-1 ) Cost of one metric ton (equal to one megagram - Mg) of lime.,,,,real,,EPICCONT.DAT,7,2
FULP,Cost of fuel ($ gal-1 ) Cost of one gallon of fuel.,,,,real,,EPICCONT.DAT,7,3
WAGE,Cost of labor ($ h-1) Hourly cost of labor.,,,,real,,EPICCONT.DAT,7,4
CSTZ1,Miscellaneous cost ($ ha -1) First of two additional costs available to the user.,,,,real,,EPICCONT.DAT,7,5
CSTZ2,Miscellaneous cost ($ ha -1) Second of two additional costs available to the user.,,,,real,,EPICCONT.DAT,7,6
YLAT,Latitude of watershed in decimal degrees (cols. 1-8) The latitude of the field or watershed (YLAT) is used to estimate day length. It must be supplied by the user. Units are degrees. Latitudes in the Southern Hemisphere are in negative degrees and positive in the Northern Hemisphere. (Range: -90 to 90),-90,90,,real,,filename.SIT,4,1
XLOG,Longitude of watershed in decimal degrees (cols. 9-16) (Range: -180 to 180),-180,180,,real,,filename.SIT,4,2
ELEV,Average watershed elevation in meters (cols. 17-24) The average watershed elevation should be input if the Penman or the Penman- Monteith approach is used to estimate potential evapotranspiration. Units are meters. (Range: -200 to 8000),-200,8000,,real,,filename.SIT,4,3
APM,"Peak runoff rate – rainfall energy adjustment factor (cols. 25-32) The peak runoff-rate-rainfall energy adjustment factor provides a means for fine tuning the energy factor used in estimating water erosion. Normally, an APM value of 1 gives satisfactory results. Set APM to 0 if unknown. (Range: 0 to 1)",0,1,0,real,,filename.SIT,4,4
CO2X,Atmospheric CO2 Concentration in ppm (cols. 33-40) A non-zero value overrides the CO2 input in EPICCONT.DAT. (Range: 0 to 1000),0,1000,,real,,filename.SIT,4,5
CNO3X,Concentration of NO3 in irrigation water in ppm (cols. 41-48) A non-zero value overrides the CQN input in the EPICCONT.DAT. (Range: 0 to 1000),0,1000,,real,,filename.SIT,4,6
RFNX,Average concentration of Nitrogen in rainfall in ppm (cols. 49-56) A non-zero value overrides the RFN0 input in the EPICCONT.DAT (Range: 0.5-1.5),0.5,1.5,,real,,filename.SIT,4,7
X1,Dummy (cols. 57-64),,,,real,,filename.SIT,4,8
X2,Dummy (cols. 65-72),,,,real,,filename.SIT,4,9
SNO0,Water content of snow present on the ground at start of simulation in millimeters (cols. 73-80),,,,real,,filename.SIT,4,10
AZM,Azimuth orientation of land slope (degrees clockwise from north) (cols. 81-88) Used only if equivalent latitude is computed based on azimuth orientation of land slope (IAZM in EPICCONT.DAT greater than zero). (Range: 0 to 360),0,360,,real,,filename.SIT,4,11
WSA,"Field, farm or watershed area in hectares (cols. 1-8) Size of the area to be simulated. A value for WSA is required and must be provided.",,,,real,,filename.SIT,5,1
CHL,"Mainstream channel length in kilometers (cols. 9-16): Distance from outlet to most distant point on field, farm, or watershed. Often in small areas there is no defined channel. In such cases, the length is measured along a concentrated flow path, or it can simply be estimated from the length-width ratio of the watershed. For areas  ? 20 ha, the channel length measurement is not critical. In such cases where channel data is not available, CHL can be set to 0 and allow the model to estimate it. If channel data is not available, enter 0 (TR55 file must be present as input file).",,,0,real,,filename.SIT,5,2
CHS,"Mainstream channel slope (cols. 17-24) The average channel slope is computed by dividing the difference in elevation between the field, farm, or watershed outlet and the most distant point by CHL. For small areas this measurement is not critical because CHL and CHS are only used in estimating the watershed time of concentration. The dominant portion of the time of concentration is involved with overland rather than channel flow in small watersheds. Slope is expressed as units of drop per unit of distance (mm-1). If unknown, enter 0 (upland slope steepness (UPS) in site file must be provided).",,,0,real,,filename.SIT,5,3
CHD,"Channel depth (cols. 25-32) Depth of the channel in meters. If unknown, enter 0 (TR55 file must be present as input file).",,,0,real,,filename.SIT,5,4
CHN,"Manning's N for channel (cols. 33-40) If the channel conducting runoff to the edge of the field is winding and/or contains obstructions, water flow rates will be reduced, and sediment will have an opportunity to settle. The channel roughness factor is referred to as the Manning's  ""n"" value. Table 4 contains suggested values of Manning's  ""n"" for various condition channel flow (Chow, 1959). Chow has a very extensive list of Manning's roughness coefficients. These values represent only a small portion of those listed in his book. If unknown, enter 0 (the default value of 0.05 will be assigned to CHN).",,,0,real,,filename.SIT,5,5
SN,"Manning's N for upland (surface) (cols. 41-48) The surface roughness factor is Manning's  ""n"" values. Table 5 contains suggested values and possible ranges of Manning's  ""n"" for various condition overland flow (Engman, 1983). If unknown, enter 0 (the default value of 0.15 will be assigned to SN).",,,0,real,,filename.SIT,5,6
UPSL,"Average Upland Slope Length in meters (cols. 49-56) This value must be entered. The watershed slope length can be estimated by field measurement as described by Wischmeier and Smith (1978) or from topographic maps using the Contour-Extreme Point Method (R. J. Williams & Berndt, 1977). This is the distance that sheet flow is the dominant surface runoff flow process. Slope length should be measured to the point that flow begins to concentrate. This length is easily observable after a heavy rain on a fallow field when the rills are well developed. In this situation, the slope length is the distance from the subarea divide to the origin of the rill. This value can also be determined from topographic maps. Terraces divide the slope of the rill into segments equal to the horizontal terrace interval. With terracing, the slope length is the terrace interval. For broad base terraces, the horizontal terrace interval is the distance from the center of the ridge to the center of the channel for the terrace below. The horizontal terrace interval for steep backslope terraces is the distance from the point where cultivation begins at the base of the ridge to the base of the front slope of the terrace below. Slope length is a parameter that is commonly overestimated. As a rule of thumb, 90 meters (300 ft) is considered to be a very long slope length.",,,,real,,filename.SIT,5,7
UPS,"Average Upland Slope (cols. 57-64) Slope is in m m-1. Must be entered. The average watershed slope can be estimated from field measurement or by using the Grid-Contour Method (R. J. Williams & Berndt, 1977).",,,,real,,filename.SIT,5,8
PEC,"Erosion Control Practice Factor (cols. 65-72): The erosion-control-practice factor ranges from about 0.1 to 0.9 depending upon the effectiveness of the conservation practice. A non-zero value overwrites the PEC0 set in the EPICCONT.DAT file. Default = 1.0 for non-contoured fields. PEC can be set to 0.0 to eliminate water erosion entirely. At the other extreme, (PEC=10.) erosion rates are increased 10 times to improve long-term simulation efficiency. This feature is a big, time saver in estimating water erosion effects on soil properties over periods of up to 1000 years. Obviously, the 1000-year period can be approximated with a 100-year simulation using PEC=10. Table 6 provides P values and slope length limits for contouring.(Range: 0 to 10).",0,10,1,real,,filename.SIT,5,9
DTG,Time interval for gas diff equations (cols. 73-80) This value is used when the Izaurralde denitrification approach is selected in EPICCONT.DAT (variable IDN > 2). For more information on the Izaurralde denitrification approach see Izaurralde et al. (2017).,,,,integer,,filename.SIT,5,10
IRR,"Irrigation Code (cols. 1-4): The irrigation code is used to specify whether irrigation is used and the type of irrigation. It is composed of two digits: the first one (N in the example below) defines the irrigation mode, the second one defines the irrigation type.N = 0 flexible (variable) application. Applies the minimum of volume input, soil water field capacity (FC-SW) and maximum single irrigation application(ARMX). When used with the manual irrigation option, irrigation is applied on the date specified in the operation schedule in a volume equal to the minimum of the specified volume, the maximum single application volume, or the volume required to fill the root zone to field capacity (calculated as (FC-SW)/ (1-efficiency EFI)). When used with the automatic option, irrigation is applied based on the irrigation trigger (BIR) and according to the minimum (ARMN) and maximum (ARMX) single irrigation application rate as well as the maximum annual irrigation amount(VIMX) and the irrigation interval (IRI) with the volume applied that will not exceed the volume required to fill the root zone to field capacity.N = 1 rigid (fixed) application. Applies input amount or ARMX. If the manual irrigation is selected, irrigation is applied according to the amounts and dates specified in the operation schedule. If the automatic irrigation option is selected, the amount applied per irrigation is equal to the maximum single application volume (ARMX) and it is applied when the irrigation trigger (BIR) is reached. In all cases, the EFI is removed through runoff prior to infiltration into the soil. Irrigation types available in EPIC are: N0 = for dryland areas N1 = for sprinkler irrigation N2 = for furrow/flood irrigation N3 = for fertigation (irrigation with fertilizer added) * N4 = for lagoon (irrigation from a lagoon) N5 = for drip irrigation For example, a rigid drip irrigation is coded as 15. A flexible sprinkler irrigation is coded as 01. In all cases, the N before the code for irrigation type indicates the irrigation mode. If furrow/flood irrigation is specified, water induced erosion is calculated. If fertigation is specified, IDF0 identifies the type of fertilizer (fertilizer ID from  table) and FNP identifies the amount of fertilizer for each irrigation. If lagoon is specified, IDF0 is used to identify the organic fertilizer while FNP represents the manure input to lagoon in kg/cow/day. * Fertigation works only when automatic irrigation and automatic nitrogen fertilization are selected. See BIR (line 4 of the EPIC control file) and BFT0 (line 5 of the EPIC control file). A way to manually simulate fertigation is to simulate irrigation and fertilization on the same day using the irrigation volume and amount of fertilizer added with the fertigation or using the automatic irrigation and setting the amount of N in irrigation water (see variables CNO30 and CNO3X).",,,,integer,"Two-digit code: first digit (N) for mode (0=flexible, 1=rigid); second digit for type (0=dryland, 1=sprinkler, 2=furrow/flood, 3=fertigation, 4=lagoon, 5=drip). Example: 01=flexible sprinkler, 15=rigid drip",filename.SIT,6,1
IRI,"Minimum application interval for automatic irrigation (cols. 5-8) This sets the number of days between automatic irrigation events. Irrigation will not occur until the minimum number of days has been met regardless of the BIR has already been met. Because IRI will also affect manual irrigation, set IRI = 0 if automatic irrigation is not used (IRR = 0). (Range: 0 to 365)",0,365,0,integer,,filename.SIT,6,2
IFA,"Minimum fertilizer application interval for auto option (cols. 9-12) This sets the number of days between fertilization events and fertilization will not occur until the minimum number of days has been met. Because IFA will also affect manual fertilization, set IFA = 0 if manual fertilization is used (BFT0 = 0)./ (Range: 0 to 365)",0,365,0,integer,,filename.SIT,6,3
IFD,"Furrow Dike Code (cols. 13-16) Furrow dikes (or tied ridges) are small dams constructed, usually by tillage equipment, in the furrows. They are designed to impede runoff and promote infiltration of rainfall and/or sprinkler irrigation. EPIC simulates the construction, function, and destruction of furrow dikes. The furrow dike code IFD is used to determine whether dikes are simulated. Allowed values: 0 Furrow dike system not simulated 1 Furrow dike system simulated",,,,integer,0=furrow dike not simulated; 1=furrow dike simulated,filename.SIT,6,4
IDR0,"Drainage code (cols. 17-20) Artificial drainage systems (tiles, perforated pipes, open ditch drains, etc.) are often installed to remove excess water from fields. Allowed values: 0 No drainage system >0 The drainage system is simulated. Enter depth to drainage system in mm (Range: 0 to 2500)",0,2500,,integer,,filename.SIT,6,5
IDF0,Commercial Nitrogen Fertilizer Used for Automatic Application (cols. 21-24) Enter the ID number of the fertilizer from lists provided in the (FERT___.DAT). If none is entered the model defaults to the fertilizer ID 21 which should be Elemental N in the fertilizer table. It is wise to set this number even if there are no current plans to use this function so that the selected fertilizer number matches the correct number in the fertilizer list which is being used.,,,,integer,,filename.SIT,6,6
MNU,Auto manure application without trigger (cols. 25-28) A value greater than zero allows the application of manure (if the minimum interval between fertilization is met). (Range: 0 to 365),0,365,,integer,,filename.SIT,6,7
IMW,"Minimum Interval between auto mowing (cols. 29-32) This refers to the minimum length of time (days) set between mowing when the Auto Mow function is used. The crop will be mowed at this interval given the crop height is greater than the cutting height set on the mower used in the operation. For the IMW to take effect, an automatic mower must be included in the operation schedule. (Range: 0 to 365)",0,365,,integer,,filename.SIT,6,8
IDFP,Commercial Phosphorus Fertilizer Used for Automatic Application (cols. 33-36) Enter the ID number of the fertilizer from lists provided in the (FERT___.DAT). If none is entered model defaults to fertilizer ID 22 which should be Elemental P in the fertilizer table. It is wise to set this number even if there are no current plans to use this function so that the selected fertilizer number matches the correct number in the fertilizer list which is being used.,,,,integer,,filename.SIT,6,9
SOLS,Soil series name,,,,text,,filename.SIT,1,1
SOLO,"Soil order This information can be used to drive the estimation of soil carbon losses if soil horizon is B or C, and if SOLO is one of the following:    Alfisols    Mollisols    Ultisols",,,,text,,filename.SIT,1,2
SALB,"Soil albedo (cols. 1-8) Ratio of the amount of solar radiation reflected by the soil to the amount incident upon it, often expressed as a fraction. The value for albedo should be reported when the soil is at or near field capacity. (Range: 0 to 1).",0,1,,real,,filename.SOL,2,1
HSG,"Soil hydrologic group (cols. 9-16) The U.S. Natural Resource Conservation Service (NRCS) classifies soils into four hydrologic groups based on infiltration characteristics of the soils. NRCS Soil Survey Staff (1996) defines a hydrologic group as a group of soils having similar runoff potential under similar storm and cover conditions. Soil properties that influence runoff potential are those that impact the minimum rate of infiltration for a bare soil after prolonged wetting and when not frozen. These properties are depth to seasonally high-water table, saturated hydraulic conductivity, and depth to a very slowly permeable layer. The definitions for the different classes are: A Soils having high infiltration rates when thoroughly wetted, consisting chiefly of sand or gravel that are deep and well to excessively drained. These soils have high rate of water transmission (low runoff potential) B Soils having moderate infiltration rates when thoroughly wetted, chiefly moderately deep to deep, moderately well to well drained, with moderately fine to moderately coarse textures. These soils have a moderate rate of water transmission. C Soils having slow infiltration rates when thoroughly wetted, chiefly with a layer that impedes the downward movement of water or of moderately fine to fine texture and a slow infiltration rate. These soils have a slow rate of water transmission (high runoff potential). D Soils having very slow infiltration rates when thoroughly wetted, chiefly clay soils with a high swelling potential; soils with a high permanent water table; soils with a clay pan or clay layer at or near the surface; and shallow soils over nearly impervious materials. These soils have a very slow rate of water transmission. See Table 8 below for hydrologic group rating criteria. Accepted values are 1 for hydrologic group A 2 for hydrologic group B 3 for hydrologic group C 4 for hydrologic group D",,,,integer,1=group A (high infiltration); 2=group B (moderate); 3=group C (slow); 4=group D (very slow),filename.SOL,2,2
FFC,Initial soil water content (cols. 17-24) Soil water content at the beginning of the simulation as a fraction of field capacity. Set at zero if unknown. (Range: 0 to 1),0,1,0,real,,filename.SOL,2,3
WTMN,"Minimum depth to water table (cols. 25-32) This is the depth in meters from the soil surface to the water table when the water table is at its highest level. With the depth set at zero, the model automatically sets the depth deep enough to remove any effects (default at 50 m). Fluctuation of water table is simulated as a function of groundwater storage. Set to 0 if unknown. (Range: 0 to 100 meters)",0,100,0,real,,filename.SOL,2,4
WTMX,Maximum depth to water table (cols. 33-40) This is the depth in meters from the soil surface to the water table when the water table is at its lowest level. Set to 0 if unknown. (Range: 0 to 100 meters),0,100,0,real,,filename.SOL,2,5
WTBL,"Initial water table height (cols. 41-48) This is the depth in meters from the soil surface to the current water level at which the model will begin the simulation. Throughout the simulation the water level will fluctuate up and down between WTMN and WTMX. This depth must be greater than or equal to WTMN and less than or equal to WTMX. Set to 0 if unknown. WTMN, WTMX, and WTBL are very important when the field contains a water table that is near the surface. Default settings assume the water table is deep enough not to affect plant growth; however, if the water table is within several feet of the surface, it can provide an extra supply of water that ordinarily would not be accounted for in the model. (Range: 0 to 100 meters)",0,100,0,real,,filename.SOL,2,6
GWST,Groundwater storage (cols. 49-56) The amount of groundwater storage in millimeters available at the beginning of the simulation. Set to 0 if unknown. (Range: 0 to 200 mm),0,200,0,real,,filename.SOL,2,7
GWMX,Maximum groundwater storage (cols. 57-64) The maximum amount of groundwater storage available in millimeters. Set to 0 if unknown. (Range: 10 to 500 mm),10,500,0,real,,filename.SOL,2,8
RFT0,Groundwater residence time (cols: 65-72) The length of time water spends in the groundwater portion of the hydrologic cycle in days. Set to zero if unknown. (Range: 1 to 365 days),1,365,0,real,,filename.SOL,2,9
RFPK,Ratio between return flow and return flow + deep percolation (cols. 73-80) Set to 0 if unknown. (Range: 0.01 to 0.99),0.01,0.99,0,real,,filename.SOL,2,10
TSLA,Number of soil layers after splitting (cols. 1-8) It sets the number of soil layers created by the model when splitting the original soil layers. No splitting occurs if TSLA is set to zero. (Range: 3 to 15).,3,15,0,integer,,filename.SOL,3,1
XIDP,"Soil weathering code (cols. 9-16) The soil weathering code is used to provide information for estimating the phosphorus sorption ratio. If no weathering information is available or if the soil contains CaCO3, XIDP is left at 0. Accepted values are: 0 for calcareous and non-calcareous soils without weathering information 1 for non CaCO3 slightly weathered 2 for non CaCO3 moderately weathered 3 for non CaCO3 highly weathered 4 Input Phosphorus sorption ratio (PSP) or active + stable mineral P (kg/ha)",,,,integer,0=calcareous/no weathering info; 1=non-CaCO3 slightly weathered; 2=non-CaCO3 moderately weathered; 3=non-CaCO3 highly weathered; 4=input PSP or active+stable mineral P,filename.SOL,3,2
RTN0,"Number of years of cultivation when simulation begins (cols. 17-24) This parameter affects the partitioning of nitrogen and carbon into the passive and slow humus pools. The number of years of cultivation before the simulation starts is used to estimate the fraction of the organic N pool that is mineralizable. Mineralization is more rapid from soil recently in sod. Also, increasing the number of years the field has been in cultivation increases the amount of C and N in the passive pool. This means it will take longer for the carbon and nitrogen to become available. (Range: 0 to 300 years)",0,300,,integer,,filename.SOL,3,3
XIDK,Soil grouping (cols. 25-32) Accepted values are: 1 = Kaolinitic soil group 2 = Mixed soil group 3 = Smectitic soil group,,,,integer,1=kaolinitic; 2=mixed; 3=smectitic,filename.SOL,3,4
ZQT,"Minimum thickness of maximum layer in meters (cols. 33-40): The model splits layers with thickness greater than ZQT. This splitting scheme produces thinner layers near the soil surface throughout the simulation period. Since most activity (tillage, root growth, microbial activity, rainfall/runoff interaction, etc.) occurs relatively near the soil surface, concentrating computational effort in that zone by using thin layers is very desirable. As soil layers are eroded and lost from the system, layer splitting continues until the number of layers equals TSLA. When the thickest soil layer reaches ZQT, no further splitting occurs. Instead, the number of soil layers is reduced until only two layers remain. At that time, the simulation stops. The simulation will also stop if the user-specified, minimum soil-profile thickness (ZF) is reached. If ZQT and ZF are not inputted, the model sets both of them to 0.1 m. Refer to TSLA, ZF and ZTK for further information.Set to 0 if unknown.(Range: 0.01 to 0.25 meters)",0.01,0.25,0,real,,filename.SOL,3,5
ZF,"Minimum profile thickness (cols. 41-48) This is the minimum thickness (in meters) of the profile that is allowed. If the profile is eroded to this thickness, the simulation will stop. If ZF is not inputted, the model sets it to 0.1 m. Refer to TSLA, ZQT, and ZTK for further information. (Range: 0.05 to 0.25 meters)",0.05,0.25,,real,,filename.SOL,3,6
ZTK,"Minimum layer thickness for beginning simulation layer (cols. 49-56) The model splits the first layer with thickness greater than ZTK (in meters); if none exists the thickest layer is split. This is only done once to make certain there are no extremely thick layers even at lower depths. Refer to TSLA, ZQT and ZF for further information. (Range: 0.05 to 0.25 mm)",0.05,0.25,,real,,filename.SOL,3,7
FBM,Fraction of organic carbon in biomass pool (cols. 57-64) Set to 0 if unknown and the model will assign the default value of 0.04. (Range: 0.03 to 0.05),0.03,0.05,0,real,,filename.SOL,3,8
FHP,Fraction of carbon in passive pool (cols. 65-72) Set to 0 if unknown and the model will calculate its value as a function of RTN0. (Range: 0.3 to 0.7),0.3,0.7,0,real,,filename.SOL,3,9
XCC,NOT USER INPUT (cols. 73-80) This is a code written automatically by the model when a .SOT file is created. XCC is equal to 0 for regular soil files. XCC is equal to 1 for model generated SOT files. ,,,,integer,,filename.SOL,3,10
Z,Depth to bottom of layer: Depth from the soil surface to the bottom of the layer (meters) (Range: 0.01 to 10.0).,0.01,10,,real,,filename.SOL,4,
BD,"Moist bulk density (Mg m-3) The soil bulk density represents the ratio of the mass of solid particles to the total volume of the soil. Usually, BD values fall between 1.1 and 1.9 Mg m-3. (Range: 0.5 to 2.5)",0.5,2.5,,real,,filename.SOL,5,
U,Soil water content at wilting point (fraction): The wilting point is the soil water content at 1500 KPa or -15 Bars. The value of U must be lower than the value of FC. Set to 0 if unknown.(Range: 0.01 to 0.5),0.01,0.5,0,real,,filename.SOL,6,
FC,Soil water content at field capacity (fraction) The field capacity is the soil water content at 33 KPa or -0.33 bar. The value of FC must be greater than U and cannot be greater than 1. (Range: 0.1 to 0.9),0.1,0.9,,real,,filename.SOL,7,
SAN,Sand content (%) Fraction of soil particles which have a diameter between 2.0 and 0.05 mm. (Range: 1 to 99),1,99,,real,,filename.SOL,8,
SIL,Silt content (%) Fraction of soil particles which have a diameter between 0.05 and 0.002 mm. (Range: 1 to 99),1,99,,real,,filename.SOL,9,
WON,"Initial organic nitrogen concentration (g N Mg-1 or ppm) Users may define the concentration of organic nitrogen (dry weight basis) contained in humic substances for all soil layers at the beginning of the simulation. If the user does not specify initial nitrogen concentrations, EPIC will initialize levels of organic nitrogen. Set to 0 if unknown. (Range: 100 to 5000)",100,5000,0,real,,filename.SOL,10,
PH,"Soil pH It is the pH of a solution in equilibrium with the soil. It is determined by means of a glass, quinhydrone, or other suitable electrode or indicator at a specified soil-solution ratio in a specified solution, usually distilled water, 0.01 M CaCl 2 or 1 M KCl. (Range: 3 to 9)",3,9,,real,,filename.SOL,11,
SMB,"Sum of bases (cmol kg-1) The sum of bases (Ca++, K+, etc.) on the cation exchange complex. Set to 0 if unknown. (Range: 0 to 150)",0,150,0,real,,filename.SOL,12,
WOC,Organic carbon concentration (%) It is the concentration of organic carbon present in the soil. Set to 0 if unknown. (Range: 0.1 to 10),0.1,10,0,real,,filename.SOL,13,
CAC,"Calcium carbonate content (%) It is the carbon carbonate content of the soil. A compound, CaCO3 is found in nature as calcite and argonite and in plant ashes, bones, and shells. CaCO3 is found in calcareous soils. It is also used as a liming agent to increase the pH of a soil. Set to 0 if unknown. (Range: 0 to 99)",0,99,0,real,,filename.SOL,14,
CEC,"Cation exchange capacity (cmol kg-1) The cation exchange capacity of a soil is the quantity of positive ions necessary to neutralize the negative charge of a unit quantity of soil, under a given set of conditions. Set to 0 if unknown. (Range: 0 to 150)",0,150,0,real,,filename.SOL,15,
ROK,"Coarse fragment content (%) The percent (in volume) of the sample which has a particle diameter > 2 mm, i.e. the percent of the sample which does not pass through a 2 mm sieve. Set to 0 if unknown. (Range: 0 to 99)",0,99,0,real,,filename.SOL,16,
CNDS,Initial soluble nitrogen concentration (g Mg-1) Users may define the concentration of nitrate (dry weight basis) for all soil layers at the beginning of the simulation. Set to 0 if unknown. (Range: 0.01 to 500),0.01,500,0,real,,filename.SOL,17,
PKRZ,Initial soluble phosphorus concentration (g Mg-1) Users may define the concentration of solution P (dry weight basis) for all soil layers at the beginning of the simulation. Set to 0 if unknown. (Range: 0 to 20),0,20,0,real,,filename.SOL,18,
RSD,Crop residue (Mg ha-1) The amount of biomass in each soil layer at the beginning of the simulation. Set to 0 if unknown. (Range: 0 to 20),0,20,0,real,,filename.SOL,19,
BDD,Dry bulk density (Mgm-3) Density of the soil after oven drying. Set to 0 if unknown (BD value will be assigned to BDD). (Range: 0 to 2.0),0,2,0,real,,filename.SOL,20,
PSP,"Phosphorus sorption ratio (fraction) The fraction of phosphorus adsorbed on soil particle surfaces Set to 0 if unknown. The model will estimate PSP according to the soil weathering code (XIDP) and using CAC, PKRZ, BSA, PH, and/or CLA depending on XIDP. (Range: 0 to 0.9)",0,0.9,0,real,,filename.SOL,21,
SATC,"Saturated conductivity (mmh-1) Rate at which water passes through the soil layer, when saturated. The saturated hydraulic conductivity relates soil water flow rate (flux density) to the hydraulic gradient and is a measure of the ease of water movement through the soil. The saturated conductivity is the reciprocal of the resistance of the soil matrix to water flow. Set to 0 if unknown. (Range: 0.00001 to 100)",0.00001,100,0,real,,filename.SOL,22,
HCL,Lateral hydraulic conductivity (mmh-1) Set to 0 if unknown. (Range: 0.00001 to 10),0.00001,10,0,real,,filename.SOL,23,
WP,Initial organic phosphorus concentration (gMg-1) Users may define the concentration of organic phosphorus (dry weight basis) contained in humic substances for all soil layers at the beginning of the simulation. Set to 0 if unknown. (Range: 50 to 1000),50,1000,0,real,,filename.SOL,24,
EXCK,Exchangeable potassium concentration (gMg -1) The amount of potassium on the surface of soil particles that can be readily replaced with a salt solution. Set to 0 if unknown. (Range: 0 to 200),0,200,0,real,,filename.SOL,25,
ECND,"Electrical conductivity (mmho cm-1) Conductivity of electricity through water or an extract of soil. Commonly used to estimate the soluble salt content in solution. For a conversion to commonly used units, 1 mmho cm-1 is equal to 1 dS m-1. Set to 0 if unknown. (Range: 0 to 50)",0,50,0,real,,filename.SOL,26,
STFR,Fraction of water storage interacting with nitrogen leaching It is the fraction of soil porosity that interacts with percolating water as nitrogen leaching occurs. Set to 0 if unknown. (Range: 0.05 to 1.0),0.05,1,0,real,,filename.SOL,27,
ST,"Initial soil water storage (fraction, m/m) Fraction of field capacity initially available at the start of the simulation. Set to 0 if unknown (the value of FC will be used) (Range: 0.001 to 1.0)",0.001,1,0,real,,filename.SOL,28,
CPRV,Fraction inflow partitioned to vertical crack or pipe flow NOT USED It is the fraction of water flowing through the soil profile partitioned to flow in vertical cracks or pipes. Set to 0 if unknown. (Range: 0.0 to 0.05),0,0.05,0,real,,filename.SOL,29,
CPRH,Fraction inflow partitioned to horizontal crack or pipe flow NOT USED It is the fraction of water flowing through the soil profile partitioned to flow in horizontal cracks or pipes. Set to 0 if unknown. (Range: 0.0 to 0.05) Line Variable Description number,0,0.05,0,real,,filename.SOL,30,
WLS,Structural litter (kg ha-1) One of the two litter components that contains all the lignin from plant residues and roots. The structural litter component has a fixed C/N ratio. Set to 0 if unknown. (Range: 0.0 to 10000),0,10000,0,real,,filename.SOL,31,
WLM,Metabolic litter (kg ha-1) One of the two litter components is made up of readily decomposable and water-soluble organic matter. Set to 0 if unknown. (Range: 0.0 to 10000),0,10000,0,real,,filename.SOL,32,
WLSL,Lignin content of structural litter (kg ha -1) Lignin is a complex polymer that binds to cellulose fibers and gives strength to the cell walls of plants. It is very resistant to decomposition. Set to 0 if unknown. (Range: 0.0 to 10000),0,10000,0,real,,filename.SOL,33,
WLSC,Carbon content of structural litter (kg ha -1) Carbon makes up almost half of the elemental composition of the dry matter in plants and is a common constituent of all organic matter. It is also present in the atmosphere in the form of CO2. Set to 0 if unknown. (Range: 0.0 to 10000),0,10000,0,real,,filename.SOL,34,
WLMC,Carbon content of metabolic litter (kg ha-1) See WLSC and WLM for more information. Set to 0 if unknown. (Range: 0.0 to 10000),0,10000,0,real,,filename.SOL,35,
WLSLC,"Carbon content of lignin of structural litter (kg ha-1) See WLSC, WLSL and WLS for more information. Set to 0 if unknown. (Range: 0.0 to 10000)",0,10000,0,real,,filename.SOL,36,
WLSLNC,Nitrogen content of lignin of structural litter (kg ha-1) The amount of nitrogen found in the lignin portion of the structural litter. See WLSL and WLS for more information. Set to 0 if unknown. (Range: 0.0 to 10000),0,10000,0,real,,filename.SOL,37,
WBMC,Carbon content of biomass organic pool (kg ha-1) The carbon content of the fresh soil organic matter. Set to 0 if unknown. (Range: 0.0 to 10000),0,10000,0,real,,filename.SOL,38,
WHSC,Carbon content of slow humus pool (kg ha-1) Slow humus is a conceptual component of soil organic matter that decomposes at rates intermediate between the microbial and passive humus components. Set to 0 if unknown. (Range: 0.0 to 10000),0,10000,0,real,,filename.SOL,39,
WHPC,Carbon content of passive humus pool (kg ha-1) Passive humus is a conceptual component composed of old or stable soil organic matter. Set to 0 if unknown. (Range: 0.0 to 10000),0,10000,0,real,,filename.SOL,40,
WLSN,Nitrogen content of structural litter (kg ha-1) See WLS for more information. Set to 0 if unknown. (Range: 0.0 to 10000),0,10000,0,real,,filename.SOL,41,
WLMN,Nitrogen content of metabolic litter (kg ha-1) See WLM for more information. Set to 0 if unknown. (Range: 0.0 to 10000),0,10000,0,real,,filename.SOL,42,
WBMN,Nitrogen content of biomass pool (kg ha-1) The nitrogen content of the fresh soil organic matter. Set to 0 if unknown. (Range: 0.0 to 10000),0,10000,0,real,,filename.SOL,43,
WHSN,Carbon content of slow humus pool (kg ha-1) See WHSC for more information. Set to 0 if unknown. (Range: 0.0 to 10000),0,10000,0,real,,filename.SOL,44,
WHPN,Carbon content of passive humus pool (kg ha-1) See WHPC for more information. Set to 0 if unknown. (Range: 0.0 to 10000),0,10000,0,real,,filename.SOL,45,
FE26,Iron content (%) It can be used in the estimation of carbon losses if the soil order (SOLO) is Ultisols and if soil horizon (ASHZ) is B or C. Set to 0 if unknown. (Range: 0.1 to 50.0),0.1,50,0,real,,filename.SOL,46,
SULF,Sulfur content (%) Set to 0 if unknown. (Range: 0.01 to 0.06),0.01,0.06,0,real,,filename.SOL,47,
ASHZ,"Soil horizon: The format for this variable is a string with 8 characters (e.g.,A - seven spaces and one letter). Accepted values are    A,    B,    C. This information drives the estimation of soil carbon losses. . If ASHZ is equal to B or C, the approach used in the estimation is driven by the soil order (SOLO).Set to A if unknown.",,,A,text,A=A horizon; B=B horizon; C=C horizon,filename.SOL,48,
CGO2,"O2 concentration in gas phase (g m-3 of soil air) This information is used when the new O2 ratio method is selected for the oxygen-depth function (IOX = 2 in the EPIC control file) or when the Izaurralde denitrification approach is selected (IDN > 2 in the EPIC control file). Set to 0 if unknown. (Range: 110 to 275) for more information see (R. C. Izaurralde et al., 2017)",110,275,0,integer,,filename.SOL,49,
CGCO2,"CO2 concentration in gas phase (gm-3 of soil air) This information is used when the Izaurralde denitrification approach is selected (IDN > 2 in the EPIC control file). Set to 0 if unknown. (Range: 0.2 to 1.2) for more information see (R. C. Izaurralde et al., 2017)",0.2,1.2,0,integer,,filename.SOL,50,
CGN2O,"N2O concentration in gas phase (gm-3 of soil air) This information is used when the Izaurralde denitrification approach is selected (IDN > 2 in the EPIC control file). Set to 0 if unknown. (Range: 0.004 to 0.01) for more information see (R. C. Izaurralde et al., 2017)",0.004,0.01,0,integer,,filename.SOL,51,
LUN,Land Use Number (cols. 1-4) This is the land use number from the NRCS Land Use- Hydrology soil group table below (Table 10). Refer to the column labeled Land Use Number in the table below. This number along with the hydrologic soil group is used to determine the curve number. (Range: 1 to 35),1,35,,integer,,OPSCCOM.DAT,2,1
IAUI,"Implement for auto irrigation (cols. 5-8) Select the implement used for automatic irrigation. The number refers to the implement/tillage table TILL___.DAT. If set to zero, the model will assign the default value of 500 and implement with ID number 500 in the TILL___.DAT will be used to apply automatic irrigation (center pivot by default).",,,0,integer,,OPSCCOM.DAT,2,2
JX(1),Year of operation (cols. 1-3) Year in the rotation when the operation occurs. 1 = operation occurs in 1st year of the rotation 2 = operation occurs in 2nd year of the rotation … Nth year (Range: 1 to 100),1,100,,real,,filename.OPC,3-n,1
JX(2),Month of operation (cols. 4-6) Month of the year when the operation occurs. (Range: 1 to 12),1,12,,real,,filename.OPC,3-n,2
JX(3),Day of operation (cols. 7-9) Day of the month when the operation occurs. (Range: 1 to 31),1,31,,real,,filename.OPC,3-n,3
JX(4),Equipment ID number used for the operation (cols. 10-14) Refers to the ID number that is given to each tillage operation or piece of equipment in TILLCOM.DAT file. (Range: 1 to 99999),1,99999,,real,,filename.OPC,3-n,4
JX(5),Tractor ID number used for the operation (cols. 15-19) Refers to the ID number given to each tractor in the TILLCOM.DAT file. It is used for economic purposes only and can be set to zero if economic analysis is not needed. (Range: 1 to 99999),1,99999,,real,,filename.OPC,3-n,5
JX(6),Crop ID number (cols. 20-24) Refers to the crop ID number given to each crop listed in CROPCOM.DAT file. (Range: 1 to 99999),1,99999,,real,,filename.OPC,3-n,6
JX(7),Different meanings depending on the type of operation set with JX(4) (cols. 25-29) Time from planting to maturity – XMTU (number of years). THIS APPLIES TO PLANTING OPERATION OF TREES ONLY. This refers to the time to reach complete maturity of the tree (full life of the tree). No potential heat units are entered for trees. Time from planting to harvest – LYR (number of years). FOR THE HARVEST OPERATION OF TREES ONLY (portion of full maturity). Pesticide ID number. FOR PESTICIDE APPLICATIONS ONLY. Refers to the ID number given to each pesticide in the PESTCOM.DAT file. Fertilizer ID number. FOR FERTILIZER APPLICATIONS ONLY. Refer to the ID number given to each fertilizer in the FERTCOM.DAT file,,,,Number,,filename.OPC,3-n,7
OPV1,Different meanings depending on the type of operation set with JX(4): Potential heat units – PHU ( °C). FOR PLANTING OPERATION ONLY. Total number of heat units (or growing degree days) needed to bring the plant from emergence to physiological maturity. Used in determining the growth curve. PHU is calculated using the base temperature of the crop.Application volume for irrigation (mm). FOR IRRIGATION OPERATION ONLY. It is the volume of water applied with the irrigation operation. Fertilizer application rate (kg ha-1) FOR FERTILIZATION ONLY. Amount of fertilizer applied with the fertilization. Set to zero for variable application rate (application rate will be estimated using PARM(28)).Pesticide application rate (g ha-1) FOR PESTICIDE APPLICATION ONLY. It is the amount of pesticide applied with the operation.Stocking rate for grazing (ha head-1) FOR START GRAZING ONLY. It is the number of hectares available to each grazer.,,,,real,,filename.OPC,3-n,8
OPV2,"Different meanings depending on the type of operation set with JX(4): Land use number – LUN. The land use number set previously will be overwritten if a positive value is provided here. Refer to table 10 for allowed values of land use number.Curve number – CN. A value of the SCS runoff curve number can be directly assigned if a negative value is provided here. Use the SCS hydrologic soil group-curve number table for reference.Pest control factor. FOR PESTICIDE APPLICATION ONLY. This is the fraction of pest population controlled by the pesticide application. It only applies to insects and diseases (not weeds). If the factor is set to 0.99, 99% of the pest will be killed by the pesticide.",,,,real,,filename.OPC,3-n,9
OPV3,"Automatic irrigation trigger: If OPV3 is  ‰  0, the automatic irrigation trigger set previously will be changed. Several options are offered:OPV3 = 0.0 The previous trigger remains active.OPV3 > 0 and < 1.0 Automatic irrigation based on plant water stress factor. The dimension (1 – BIR) equals the fraction of plant water stress allowed. Low values allow higher plant water stress before applying automatic irrigation.OPV3 = 1.0 Does not allow water stress. According to other rules set in the model, irrigation water is applied with the intent to eliminate water stress.OPV3 < 0.0 Plant available water deficit in root zone. Number is in mm and must be negative.OPV3 > 1.0 Soil water tension in top 200 mm of the soil profile. Absolute number is in kilopascals.OPV3 = -999.0 Sets water deficit high enough that only manual irrigations will occur. Effectively turns auto irrigation off.",,,,real,,filename.OPC,3-n,10
OPV4,Runoff / irrigation ratio (vol./vol.): It is the ratio between runoff volume and irrigation volume. Setting OPV4 greater than 0 will overwrite the value assigned to EFI in the EPIC control file (EPICCONT.DAT). The irrigation runoff ratio specifies the fraction of each irrigation application that is lost to runoff. Soluble nutrient loss through runoff applies. Changes in soil slope do not affect this amount dynamically.,,,,real,,filename.OPC,3-n,11
OPV5,"Plant population: FOR PLANTING OPERATION ONLY. Unit is plants m-2 or plants ha-1if crop is a tree (in EPIC plant list file IHC = 7, 8, or 10). EPIC does not simulate tillering. In crops such as wheat and sugarcane which produce higher numbers of yielding tillers compared to the number of seeds or shoots planted, the plant population must be estimated based on the final yield producing tiller number.",,,,real,,filename.OPC,3-n,12
OPV6,"Max annual nitrogen fertilizer applied to a crop (kg ha-1): FOR PLANTING OPERATION ONLY. If OPV6 is set > 0, its value replaces the value of FMX set in the EPICCONT.DAT. FMX set a limit on the amount of fertilizer that could be applied on an annual basis regardless of the number of crops grown within a year. This is especially important when automatically applying fertilizer.",,,,real,,filename.OPC,3-n,13
OPV7,"Time of operation as fraction of growing season: This is also referred to as heat unit scheduling. Heat unit scheduling can be used to schedule operations at a particular stage of growth. For example, irrigation could be scheduled at 0.25, 0.5, and 0.75 which might represent different stages of crop growth. In this case, irrigation would be applied at 25%, 50%, and 75% of the potential heat units set at planting.When setting up an operation using heat unit scheduling it is best to enter earliest possible month and day (JX2 and JX3) that the operation could occur on because, for the operation to occur, the date of the operation as well as the number of heat units scheduled must be met. This is recommended because of the process followed by APEX: first the program checks if the date of the operation has been met; then it checks if the fraction of heat units has been met. See table 11 for more details.Heat unit scheduling can also be used to adjust operations to the weather (temperatures) from year to year. If heat units are not scheduled (set to 0), operations will occur on the date set in the operation schedule and the operation will occur on the same date every year the crop is grown in the simulated rotation.Heat unit scheduling operations which occur from planting to harvest are based on the heat units set at planting. Operations which occur before planting are based on the total annual heat units which are calculated by the model.For some grain crops an in-field dry-down period is allowed. It is expressed as a fraction of the total heat units set at planting. In most cases the dry-down period is 10% to 15% of the total heat units. If a dry-down period is required, heat unit schedule the harvest operation to occur at 1.10, 1.15 or another appropriate fraction.In the case of forage harvesting, the forage is actually harvested well before the crop reaches full maturity. In this case heat unit schedule the forage harvest to 0.55 or another appropriate fraction.",,,,real,,filename.OPC,3-n,14
OPV8,"Minimum USLE C-Factor (cols. 86-93): It sets the minimum C factor value used in the estimation of soil erosion. If set to a value greater than zero, it will replace Minimum USLE C-Factor (cols. 86-93)It sets the minimum C factor value used in the estimation of soil erosion. If set to a value greater than zero, it will replace.",,,,real,,filename.OPC,3-n,15
OPV9,Moisture content of grain requested for harvest: It sets the fraction of the grain moisture content to allow harvest operation. Harvest will occur only when the grain moisture content is lower than OPV9.,,,,real,,filename.OPC,3-n,16
II,Monthly weather statistics file ID. Unique number to identify the monthly weather statistics file. This number is used in EPICRUN.DAT file to select the daily weather file used in each simulation (IWP1).,,,,integer,,WDLSTCOM.DAT,1-n,1
OPSCFILE,"Monthly weather statistics file name. Name of the monthly weather statistics file (including the extension of the file) or path + name of the management file (including the extension). When using the name of the monthly weather statistics file, the file must be in the same folder of the EPIC executable. When using the path + file name, no spaces can be included in the path.",,,,text,,WDLSTCOM.DAT,1-n,2
Y,"Latitude (decimal degrees). Latitude of the weather station where the weather data was recorded. If a value for IWP1 is not provided in the EPICRUN, the latitude of the weather stations is used to find the closest weather station considering the information provided in the site file (YLAT, XLOG, and ELEV). Latitudes in the Southern Hemisphere are in negative degrees and positive in the Northern Hemisphere. The automated identification of the weather station based on coordinates and elevation is affected by PARM(79). (Range: -90 to 90)",-90,90,,real,,WDLSTCOM.DAT,1-n,3
X,"Longitude (decimal degrees). Longitude of the weather station where the weather data was recorded. If a value for IWP1 is not provided in the EPICRUN, the longitude of the weather stations is used to find the closest weather station considering the information provided in the site file (YLAT, XLOG, and ELEV). The automated identification of the weather station based on coordinates and elevation is affected by PARM(79). (Range: -180 to 180)",-180,180,,real,,WDLSTCOM.DAT,1-n,4
ELEX,"Elevation (meters). Elevation of the weather station where the weather data was recorded. If a value for IWP1 is not provided in the EPICRUN, the elevation of the weather station is used to find the closest weather station considering the information provided in the site file (YLAT, XLOG, and ELEV). The automated identification of the weather station based on coordinates and elevation is affected by PARM(79). (Range: -200 to 8000)",-200,8000,,real,,WDLSTCOM.DAT,1-n,5
SRAD,"Solar radiation (MJm-2 or Ly) (cols. 15-20) It refers to the total solar radiation that reaches the Earth’s surface. Solar radiation can be provided in mega Joules per square meter or in Langley (1 Ly = 41840 J m-2 ). If this information is not available, leave it blank or use value 999.0 to allow the model to generate it. (Range: 0.01 to 900.0)",0.01,900,,real,,filename.DLY,1-n,4
TMX,Maximum air temperature (°C) (cols. 21-26) Data on maximum air temperature is not required. Value 999.0 must be used if this information is not available or for missing data to allow the model to generate it. (Range: -50.0 to 100.0),-50,100,999,integer,,filename.DLY,1-n,5
TMN,Minimum air temperature (°C) (cols. 27-32) Data on minimum air temperature is not required. Value 999.0 must be used if this information is not available or for missing data to allow the model to generate it. (Range: -50.0 to 100.0),-50,100,999,integer,,filename.DLY,1-n,6
RFV,"Precipitation (mm) (cols. 33-38) Data on precipitation is required. In case of missing data, value 999.0 can be used to generate occurrence and amount while any negative value can be used to generate amount given occurrence. (Range: 0.0 to 900.0)",0,900,,integer,,filename.DLY,1-n,7
RHD,"Relative humidity (fraction) (cols. 39-44) It is not required and if provided must be in fraction format. Data can be provided as dew point temperature and the model will convert it into relative humidity. If data is not available, value 999.0 can be used to generate it. (Range: 0.01 to 1.0 for input relative humidity; 1.0 for input dew point temperature)",0.01,1,,integer,,filename.DLY,1-n,8
U10,Wind velocity (m sec-1 ) (cols. 45-50) Wind speed velocity is not required. Value of 0.0 or 999.0 can be used if this information is not available. (Range: 0.01 to 900),0.01,900,,integer,,filename.DLY,1-n,9
X1,Atmospheric CO2 concentration (ppm) (cols. 51-56) Information on the atmospheric CO2 concentration ca be provided. Values can be provided at any time intervals. CO2 concentration is kept constant between values provided by the user. (Range: 0.0 to 999.0),0,999,,integer,,filename.DLY,1-n,10
EVI,"Vegetation index (cols. 57-62) Vegetation index EVI from remote sensing can be provided here. If provided, IEVI in the control table must be set accordingly. (Range: -1.0 to 1.0)",-1,1,,integer,,filename.DLY,1-n,11
II,Monthly weather statistics file ID. Unique number to identify the monthly weather statistics file. This number is used in EPICRUN.DAT file to select the daily weather file used in each simulation (IWP1).,,,,integer,,WPM1USEL.DAT,1-n,1
OPSCFILE,"Monthly weather statistics file name. Name of the monthly weather statistics file (including the extension of the file) or path + name of the management file (including the extension). When using the name of the monthly weather statistics file, the file must be in the same folder of the EPIC executable. When using the path + file name, no spaces can be included in the path.",,,,text,,WPM1USEL.DAT,1-n,2
Y,"Latitude (decimal degrees). Latitude of the weather station where the weather data was recorded. If a value for IWP1 is not provided in the EPICRUN, the latitude of the weather stations is used to find the closest weather station considering the information provided in the site file (YLAT, XLOG, and ELEV). Latitudes in the Southern Hemisphere are in negative degrees and positive in the Northern Hemisphere. The automated identification of the weather station based on coordinates and elevation is affected by PARM(79). (Range: -90 to 90)",-90,90,,real,,WPM1USEL.DAT,1-n,3
X,"Longitude (decimal degrees). Longitude of the weather station where the weather data was recorded. If a value for IWP1 is not provided in the EPICRUN, the longitude of the weather stations is used to find the closest weather station considering the information provided in the site file (YLAT, XLOG, and ELEV). The automated identification of the weather station based on coordinates and elevation is affected by PARM(79). (Range: -180 to 180)",-180,180,,real,,WPM1USEL.DAT,1-n,4
ELEX,"Elevation (meters). Elevation of the weather station where the weather data was recorded. If a value for IWP1 is not provided in the EPICRUN, the elevation of the weather station is used to find the closest weather station considering the information provided in the site file (YLAT, XLOG, and ELEV). The automated identification of the weather station based on coordinates and elevation is affected by PARM(79). (Range: -200 to 8000)",-200,8000,,real,,WPM1USEL.DAT,1-n,5
OBMX,Average monthly maximum air temperature (°C),,,,real,,filename.WP1,3,
OBMN,Average monthly minimum air temperature (°C),,,,real,,filename.WP2,4,
SDTMX,Monthly standard deviation of max temperature or extreme max temperature (monthly) (°C) The extreme monthly maximum temperature can be provided if the standard deviation is not available.,,,,real,,filename.WP3,5,
SDTMN,Monthly standard deviation of min temperature or extreme min temperature (monthly) (°C) The extreme monthly minimum temperature can be provided if the standard deviation is not available.,,,,real,,filename.WP4,6,
RMO,Average monthly precipitation (mm),,,,real,,filename.WP5,7,
RST(2),Monthly standard deviation of daily rainfall (mm) Can be left blank if unknown or if daily precipitation is provided in the daily weather file.,,,,real,,filename.WP6,8,
RST(3),Monthly skew coefficient of daily rainfall Can be left blank if unknown or if daily precipitation is provided in the daily weather file.,,,,real,,filename.WP7,9,
PBW(1),Monthly probability of wet day after dry day Can be left blank if unknown or if daily precipitation is provided in the daily weather file,,,,real,,filename.WP8,10,
PBW(2),Monthly probability of wet day after wet day Can be left blank if unknown or if daily precipitation is provided in the daily weather file.,,,,real,,filename.WP9,11,
UAVM,Average number of days of precipitation per month Blank if precipitation is generated and PBW(1) and (2) are input.,,,,real,,filename.WP10,12,
W1,Three meanings are available • Monthly maximum 0.5 hour rainfall (mm) for period in YWI (in EPICCONT.DAT) • Alpha (mean 0.5 hour rain/mean storm amount) • 0.0 if unknown,,,,real,,filename.WP11,13,
OBSL,Average monthly solar radiation (MJm-2 or Ly) Blank if unknown,,,,real,,filename.WP12,14,
RHD,Three meanings are available (cols. 1-6) • Average monthly relative humidity (fraction) (Range: 0 to 1) • Average monthly dew point (°C) • Blank if unknown,,,,real,,filename.WP13,15,
UAV0,Average monthly wind velocity (msec-1 ),,,,real,,filename.WP14,16,
II,Monthly weather statistics file ID. Unique number to identify the monthly weather statistics file. This number is used in EPICRUN.DAT file to select the daily weather file used in each simulation (IWP1).,,,,integer,,WINDUSEL.DAT,1-n,1
OPSCFILE,"Monthly weather statistics file name. Name of the monthly weather statistics file (including the extension of the file) or path + name of the management file (including the extension). When using the name of the monthly weather statistics file, the file must be in the same folder of the EPIC executable. When using the path + file name, no spaces can be included in the path.",,,,text,,WINDUSEL.DAT,1-n,2
Y,"Latitude (decimal degrees). Latitude of the weather station where the weather data was recorded. If a value for IWP1 is not provided in the EPICRUN, the latitude of the weather stations is used to find the closest weather station considering the information provided in the site file (YLAT, XLOG, and ELEV). Latitudes in the Southern Hemisphere are in negative degrees and positive in the Northern Hemisphere. The automated identification of the weather station based on coordinates and elevation is affected by PARM(79). (Range: -90 to 90)",-90,90,,real,,WINDUSEL.DAT,1-n,3
X,"Longitude (decimal degrees). Longitude of the weather station where the weather data was recorded. If a value for IWP1 is not provided in the EPICRUN, the longitude of the weather stations is used to find the closest weather station considering the information provided in the site file (YLAT, XLOG, and ELEV). The automated identification of the weather station based on coordinates and elevation is affected by PARM(79). (Range: -180 to 180)",-180,180,,real,,WINDUSEL.DAT,1-n,4
ELEX,"Elevation (meters). Elevation of the weather station where the weather data was recorded. If a value for IWP1 is not provided in the EPICRUN, the elevation of the weather station is used to find the closest weather station considering the information provided in the site file (YLAT, XLOG, and ELEV). The automated identification of the weather station based on coordinates and elevation is affected by PARM(79). (Range: -200 to 8000)",-200,8000,,real,,WINDUSEL.DAT,1-n,5
UAVM,"Average monthly wind speed (ms-1 ) Wind speed is measured at 10 m height. To convert 2 m height wind speed to a 10 m height equivalent multiply the 2 m height speed by 1.3. UAVM is required to simulate wind erosion (ACW > 0, see ACW in EPIC control file), and it is also required if PenmanMonteith equations are used to calculate potential evapotranspiration (see IET in EPIC control file)",,,,real,,filename.WND,3,
DIR1,Monthly % wind from North. May be left zero if wind erosion is not estimated.,,,,real,,filename.WND,4,
DIR2,Monthly % wind from North North East. May be left zero if wind erosion is not estimated.,,,,real,,filename.WND,5,
DIR3,Monthly % wind from North East. May be left zero if wind erosion is not estimated.,,,,real,,filename.WND,6,
DIR4,Monthly % wind from East North East. May be left zero if wind erosion is not estimated,,,,real,,filename.WND,7,
DIR5,Monthly % wind from East. May be left zero if wind erosion is not estimated.,,,,real,,filename.WND,8,
DIR6,Monthly % wind from East South East. May be left zero if wind erosion is not estimated.,,,,real,,filename.WND,9,
DIR7,Monthly % wind from South East. May be left zero if wind erosion is not estimated.,,,,real,,filename.WND,10,
DIR8,Monthly % wind from South South East. May be left zero if wind erosion is not estimated,,,,real,,filename.WND,11,
DIR9,Monthly % wind from South. May be left zero if wind erosion is not estimated.,,,,real,,filename.WND,12,
DIR10,Monthly % wind from South South West. May be left zero if wind erosion is not estimated.,,,,real,,filename.WND,13,
DIR11,Monthly % wind from South West. May be left zero if wind erosion is not estimated.,,,,real,,filename.WND,14,
DIR12,Monthly % wind from West South West. May be left zero if wind erosion is not estimated.,,,,real,,filename.WND,15,
DIR13,Monthly % wind from West. May be left zero if wind erosion is not estimated.,,,,real,,filename.WND,16,
DIR14,Monthly % wind from West North West. May be left zero if wind erosion is not estimated.,,,,real,,filename.WND,17,
DIR15,Monthly % wind from North West. May be left zero if wind erosion is not estimated.,,,,real,,filename.WND,18,
DIR16,Monthly % wind from North North West. May be left zero if wind erosion is not estimated.,,,,real,,filename.WND,19,
J2,"Machine or equipment ID (cols. 2-5) Unique number to identify the machine or equipment. This number is used in the EPIC management file (JX(4), or JX(5) for tractor, in OPSCCOM.DAT) to identify the operation that must be simulated or the tractor used for that operation. (Range: 1 to 9999)",1,9999,,real,,TILLCOM.DAT,3-n,ID
TIL,Machine or equipment name: Abbreviation of the name of the machine or equipment.,,,,text,,TILLCOM.DAT,3-n,Name
PCD,"Power code: Used to identify the machine or equipment. Allowed options: POWE (powered machine), SELF (self-operating machine), NON (non-powered machine), IRRI (irrigation equipment), CUST (customized equipment).",,,,text,POWE=self-powered pulling machine; SELF=self-propelled; NON=no engine; IRRI=irrigation equipment; CUST=customized,TILLCOM.DAT,3-n,PCode
PRIC,"Purchase price ($): Amount of money the equipment was purchased for. To estimate, subtract 10% from the initial list price. Used only for economic analysis. (Range: 0 to 999999).",0,999999,,real,,TILLCOM.DAT,3-n,1
XLP,Initial list price in current ($): The price of the equipment when new. Used for economic analysis. (Range: 0 to 999999).,0,999999,,real,,TILLCOM.DAT,3-n,2
HRY,Annual use (h): Time per year the equipment is used. Used only for economic analysis. (Range: 0 to 8760).,0,8760,,real,,TILLCOM.DAT,3-n,3
HRL,Life of equipment (h): The amount of time the equipment is operational. Used only for economic analysis. (Range: 0 to 999999).,0,999999,,real,,TILLCOM.DAT,3-n,4
PWR,Power of unit (KW): The horsepower or kilowatts of the equipment. Used only for economic analysis. Kilowatts x 1.341 = horsepower (Range: 0 to 900).,0,900,,real,,TILLCOM.DAT,3-n,5
WDT,Width of pass (m): The width the equipment covers when moved across the land. (Range: 0 to 50).,0,50,,real,,TILLCOM.DAT,3-n,6
SPD,Operating speed (km/h): Speed at which the equipment is operated. (Range: 0 to 200).,0,200,,real,,TILLCOM.DAT,3-n,7
RC1,Repair cost coefficient 1: Value from the American Society of Agricultural Engineers Standards Engineering Practices Data handbook. (Range: 0 to 1).,0,1,,real,,TILLCOM.DAT,3-n,8
RC2,Repair cost coefficient 2: Value from the American Society of Agricultural Engineers Standards Engineering Practices Data handbook. (Range: 0 to 5).,0,5,,real,,TILLCOM.DAT,3-n,9
XLB,Lubricant factor: Value from the American Society of Agricultural Engineers Standards Engineering Practices Data handbook. (Range: 0 to 1).,0,1,,real,,TILLCOM.DAT,3-n,10
FCM,Fuel consumption multiplier: Value from the American Society of Agricultural Engineers Standards Engineering Practices Data handbook. (Range: 0 to 1).,0,1,,real,,TILLCOM.DAT,3-n,11
RFV1,Remaining farm value parameter 1: Value from the American Society of Agricultural Engineers Standards Engineering Practices Data handbook. (Range: 0 to 2).,0,2,,real,,TILLCOM.DAT,3-n,12
RFV2,Remaining farm value parameter 2: Value from the American Society of Agricultural Engineers Standards Engineering Practices Data handbook. (Range: 0 to 2).,0,2,,real,,TILLCOM.DAT,3-n,13
EFM,"Machine efficiency: The fraction of efficiency loss due to the overlap of passes. For example, if each time a pass is made across the field, the implement covers 10% of the last pass, then the machine efficiency is 0.90. In the case of irrigation systems, this machine efficiency applies to the efficiency of the system. This would include losses from the well or channel to the soil surface. These losses include leaks in channels, pipes, and other equipment deficiencies as well as evaporation of water before it reaches the soil surface as is the case with sprinkler irrigation systems. (Range: 0-1) EFM is also used for specific operations like grazing and mulching with plastic films. In the case of grazing (IHC = 19) EFM has the meaning of grazing rate and is input as kg head-1 day-1. (Range: 0.1-99999.9) In the case of the use of plastic cover (IHC = 23), EFM indicates the fraction of unit area covered by the plastic film. (Range: 0 to 1)",0.1,99999.9,,real,,TILLCOM.DAT,3-n,14
RTI,Annual real interest rate ($/$): Difference between nominal interest rate and inflation rate. (Range: 0.001 to 0.15).,0.001,0.15,,real,,TILLCOM.DAT,3-n,15
EMX,Mixing efficiency: Fraction of materials mixed uniformly in the plow depth. (Range: 0 to 0.99).,0,0.99,,real,,TILLCOM.DAT,3-n,16
RR,"Random surface roughness: This characterizes the soil surface roughness due to soil aggregates. Random roughness has been used to describe the effects of tillage on surface roughness and to estimate the surface roughness after tillage based on the tillage implement used. (Potter, K.N. 1990. Soil properties effect random roughness decay by rainfall. Transactions of the ASAE 33 (6) 1889-1892.) The random roughness index is the standard error of adjusted natural log transformed surface elevations. (Range: 0 to 100) RR is also used in simulating the use of plastic cover and represents the albedo of the surface after placing the plastic cover. (Range: 0 to 1)",0,100,,real,,TILLCOM.DAT,3-n,17
TLD,"Tillage depth: Depth of tillage (positive for below surface, negative for above). (Range: -2000 to 2000).",-2000,2000,,real,,TILLCOM.DAT,3-n,18
RHT,Ridge height: Height of the ridge created by the implement. (Range: 0 to 1000).,0,1000,,real,,TILLCOM.DAT,3-n,19
RIN,Ridge interval: Distance between ridges or row spacing. (Range: 0 to 200).,0,200,,real,,TILLCOM.DAT,3-n,20
DKH,Height of furrow dikes: Affects the amount of water furrow dikes can store. (Range: 0 to 1000).,0,1000,,real,,TILLCOM.DAT,3-n,21
DKI,Distance between furrow dikes: (Range: 0 to 200).,0,200,,real,,TILLCOM.DAT,3-n,22
IHC,"Code used to identify the type of operation or implement. Accepted values are: 0 Plow, cultivate, other 1 Kill crop (terminates the simulation of crop, all biomass is converted in residue) 2 Harvest without kill (a harvest operation is simulated giving yield in the output files. The plant will continue to grow after the harvest operation. NOTE: mowing operations with IHC zero do not simulate a harvest operation and yield won’t be simulated). 3 Harvest once during simulation without kill 4 Tractor 5 Plant in rows 6 Plant with drill 7 Apply pesticide 8 Irrigate 9 Fertilize 10 Bagging and ties (cotton) 11 Ginning 12 Hauling 13 Drying 14 Burn 15 Puddle (used for paddy-rice simulation) 16 Destroy puddle (used for paddy-rice simulation) 17 Builds furrow dikes 18 Destroy furrow dikes 19 Start grazing 20 Stop grazing 21 Auto mow 22 Plastic cover 23 Remove plastic cover 24 Stop drainage system flow 25 Resume drainage system flow",0,25,,integer,0=plow/cultivate; 1=kill crop; 2=harvest w/o kill; 3=harvest once w/o kill; 4=tractor; 5=plant rows; 6=plant drill; 7=apply pesticide; 8=irrigate; 9=fertilize; 10=bagging; 11=ginning; 12=hauling; 13=drying; 14=burn; 15=puddle; 16=destroy puddle; 17=build furrow dikes; 18=destroy furrow dikes; 19=start grazing; 20=stop grazing; 21=auto mow; 22=plastic cover; 23=remove plastic; 24=stop drainage; 25=resume drainage,TILLCOM.DAT,3-n,23
HE,"Harvest efficiency or pesticide application efficiency (cols. 204-211) As a harvest operation (IHC = 2) this is the ratio of the crop yield removed from the field to the total crop yield. It is used also for grazing as grazing efficiency (fraction of the total available area that is actually grazed). As pesticide application efficiency (IHC = 7) it is the fraction of the pesticide which is deposited on the foliage or soil surface while the remaining is lost. Beside its normal function, harvest efficiency can be used in simulating growing green manure crop (HE = 0) when all the above-ground biomass is left on the field. (Range: 0 to 1)",0,1,,real,,TILLCOM.DAT,3-n,24
ORHI,"Override harvest index for forage and root crops (cols. 212-219) This is the ratio of the economic or harvestable yield to the total biomass of the crop. This value overrides the harvest index set in the EPIC plant list file (CROPCOM.DAT) if a forage or root crop is chosen. In the case of grazing, ORHI is calculated by the model as EFM X— 0.001. As the crop grows, these values may be adjusted for water stress. For some crops like hay, the harvest index is not affected by water stress. Thus, the harvest index override (ORHI) is used to give a constant harvest index. Another important feature of ORHI is the provision for two different types of harvest of the same crop. For example, the seed could be removed from a crop and later the straw could be baled. The water-stress-adjusted HI is appropriate for the seed harvest but probably not for baling the straw. Thus, two separate harvest machines are required. The second harvester sets ORHI approx. equal to 0.9 to override the adjusted HI used in the first harvest. (Range: 0 to 1) 26 FRCP Fraction of soil compacted (cols. 220-227) Calculated as tire width / tillage width Experimental and currently not activated in the simulation. (Range: 0 to 1) 27 FPOP Fraction of plant population reduced by operation (cols. 228-235) This operation can be used for thinning operations to reduce the plant population which was actually planted. It can also be used to decrease plant population after a harvest (i.e., sugarcane) or due to a tillage operation. It is a correction to the seeded rate. Each time an operation that has an FPOP >0 occurs, the current plant population is reduced accordingly. (Range: 0 to 1) 28 TCEM Carbon emission (kg ha-1) (cols. 236-243) Carbon emitted from use of equipment. (Range: 0 to 9999)",0,1,,real,,TILLCOM.DAT,3-n,25
FRCP,Fraction of soil compacted: Calculated as tire width/tillage width. Experimental and not activated in simulation. (Range: 0 to 1).,0,1,,real,,TILLCOM.DAT,3-n,27
FPOP,Fraction of plant population reduced by operation: Correction to the seeded rate based on thinning or tillage operations. (Range: 0 to 1).,0,1,,real,,TILLCOM.DAT,3-n,26
TCEM,Carbon emission (kg/ha): Carbon emitted from equipment use. (Range: 0 to 9999).,0,9999,,real,,TILLCOM.DAT,3-n,10
DESC_T,Description,,,,text,,TILLCOM.DAT,3-n,
J2,Plant ID (cols. 2-5) Unique number to identify the plant. This number is used in the EPIC management file (JX(6) in OPSCCOM.DAT) to identify the plant(s) that must be simulated.,,,,real,,CROPCOM.DAT,3-n,ID
CPNM,Plant name (cols. 7-10) Short name of the plant. This will be used to represent the plant(s) in several output files.,,,,text,,CROPCOM.DAT,3-n,Name
WA,"Biomass-Energy ratio (cols. 11-18) Also known as radiation use efficiency, it is the potential (unstressed) growth rate (including roots) per unit of intercepted photosynthetically active radiation. Values reported here are for atmospheric CO2 concentration of 330 ppm. This parameter should be one of the last to be adjusted. Adjustments should be based on research results. This parameter can greatly change the rate of growth, incidence of stress during the season and the resultant yield. Care should be taken to make adjustments in the parameter only based on data with no drought, nutrient or temperature stress. (Range: 0.01 to 90)",0.01,90,,real,,CROPCOM.DAT,3-n,1
HI,"Harvest index: The harvest index is the ratio of economic or harvestable yield to the total biomass of the plant. This plant parameter should be based on experimental data where plant stresses have been minimized to allow the plant to attain its potential. HI input here is the maximum harvest index that could possibly be attained under nonstress conditions. The actual HI is adjusted during the simulation based on stress and phenological development. This variable only pertains to grain and cotton crops. For forage and root crops, the Override Harvest Index (ORHI) should be set in the TILLCOM.DAT file for the harvest equipment used to harvest the crop. (Range: 0.01 to 1.0)",0.01,1,,real,,CROPCOM.DAT,3-n,2
TOPC,Optimal temperature for plant growth ( °C): This indicates the optimum temperature at which the plant will grow without being physiologically damaged by high or low temperatures. This value is very stable for cultivars within a species and should not be changed once determined for a species. Varietal or maturity type differences are accounted for by different sums of thermal units. (Range: 0.0 to 40.0),0,40,,real,,CROPCOM.DAT,3-n,3
TBSC,Minimum temperature for plant growth ( °C): This indicates the minimum (base) temperature at which the crop will grow without being physiologically damaged by cold. This value is very stable for cultivars within a species and should not be changed once determined for a species. Varietal or maturity type differences are accounted for by different sums of thermal units. (Range: 0.0 to 25.0),0,25,,real,,CROPCOM.DAT,3-n,4
DMLA,Maximum potential leaf area index: Leaf area index refers to the ratio of the surface area of the leaves (one side only) of the plant to the area of the ground covered by the plants. This parameter refers to the greatest leaf area index that the plant is able to attain. The DMLA is based on the highest expected plant densities for plants not expected to have water stress. DMLA is internally adjusted for drought-prone regions as planting densities are much smaller in these areas unless irrigation is used. (Range: 0.1 to 20.0),0.1,20,,real,,CROPCOM.DAT,3-n,5
DLAI,Fraction of growing season when leaf area declines: Point in the growing season (expressed as a fraction of heat units required for maturation) when the leaf area index begins to decrease due to leaf senescence. The fraction of the growing season in heat units is divided by the total heat units accumulated between planting and crop maturity. (Range: 0.01 to 1.0),0.01,1,,real,,CROPCOM.DAT,3-n,6
DLAP1,"First point on optimal leaf area development curve: This is the first of two points on the optimal (not stressed) leaf area development curve. Numbers before decimal are % of growing season. Numbers after decimal are fractions of maximum potential LAI. For example, 15.01 states that at 15% of the growing season, 1% of the LAI has developed. See Figure 17 for an example on how DLAP(1) works.",,,,real,,CROPCOM.DAT,3-n,7
DLAP2,"Second point on optimal leaf area development curve: This is the second of two points on optimal (not stressed) leaf area development curve. Numbers before decimal are % of growing season. Numbers after decimal are fractions of maximum potential LAI. For example, 50.95 states that at 50% of the growing season, 95% of the LAI has developed. See Figure 17 for an example on how DLAP(2) works.",,,,real,,CROPCOM.DAT,3-n,8
RLAD,"Leaf area index decline rate parameter: In several plants, leaf area declines due to leaf senescence as the plant approaches physiological maturity. In most cases, leaf senescence begins with yellowing of the older (lower) leaves and proceeds upward until, in crops like corn, wheat, and soybeans, all leaves senesce and the plant dies. In many grain crops, leaf area index declines linearly with time after grain filling begins. Nutrients and carbohydrates in the senescing leaves are often translocated into the grain. In EPIC the plant parameter DLAI (described above) controls the point in the growing season when leaf area begins to decline. The plant parameter RLAD controls the rate of decline. If RLAD is set to 1.0, the rate of decline is linear. If RLAD < 1.0, the rate of decline is initially slow, then increases until all leaves are dead at maturity. If RLAD > 1.0, the rate of senescence is initially rapid, then slows as maturity approaches. In all cases, EPIC assumes that leaf area begins to decline when the fraction of the growing season equals DLAI, and the leaf area index approaches zero at maturity. (Range: 0 to 10)",0,10,,real,,CROPCOM.DAT,3-n,9
RBMD,"Biomass-energy ratio decline rate parameter: This variable sets the biomass-energy (WA) decline rate during the growing season. This crop parameter functions like the RLAD above. It reduces the efficiency of conversion of intercepted photosynthetically active radiation to biomass due to production of high energy products like seeds and/or translocation of N from leaves to seeds. In most crops, this rate is relatively constant during the vegetative stage of growth, when structural carbohydrates like cellulose are the principal products of growth. However, when grain crops begin to form seeds, the conversion of intercepted solar radiation into biomass begins to decline. That is, less dry matter is formed for each unit of absorbed solar radiation. In addition, as leaf area yellows and begins to senesce, the conversion efficiency declines still more. EPIC uses the crop parameter RBMD to reduce the rate of conversion of intercepted solar radiation to biomass as the crop approaches maturity (when the fraction of the growing season is greater than DLAI). Computationally, RBMD reduces WA like RLAD reduces leaf area index. (Range: 1 to 10)",1,10,,real,,CROPCOM.DAT,3-n,10
ALT,Aluminum tolerance index: Index of plant tolerance to aluminum saturation. (Range: 1 (sensitive) to 5 (tolerant)),1,5,,integer,,CROPCOM.DAT,3-n,11
GSI,Maximum Stomatal Conductance (m s-1): The crop parameter GSI is the maximum stomatal conductance at high solar radiation and low vapor pressure deficit. Korner et al. (1979) reported maximum stomatal conductance values for 246 species and cultivars.,,,,real,,CROPCOM.DAT,3-n,12
CAF,"Critical aeration factor: Fraction of soil porosity where poor aeration starts limiting plant growth. This is set at 0.85 for most crops, with rice being the major exception with a value of 1.0. (Range: 0.1 to 1.0)",0.1,1,,real,,CROPCOM.DAT,3-n,13
SDW,Seed weight (kg ha-1): The seed weight affects the starting crop biomass. A portion of the seed weight is allocated to the initial biomass. This is also used for transplanted crops.,,,,real,,CROPCOM.DAT,3-n,14
HMX,Maximum crop height (m): The greatest potential height the crop will reach.,,,,real,,CROPCOM.DAT,3-n,15
RDMX,Maximum root depth (m): The greatest depth to which the rooting system will penetrate. This affects soil moisture extraction.,,,,real,,CROPCOM.DAT,3-n,16
WAC2,"CO2 Concentration / Resulting WA value: This is a split variable. In EPIC, radiation use efficiency is sensitive to atmospheric CO2 concentration. WAC2 is an 'S' curve parameter used to describe the effect of CO2 concentration on the crop parameter WA. The value on the left of the decimal is a value of CO2 concentration higher than ambient (i.e., 450 or 660 ul l-1). The value on the right of the decimal is the corresponding value of WA. This elevated value of WA can be estimated from experimental data on short-term crop growth at elevated CO2 levels. Calculate the ratio of crop growth rate at elevated CO2 to crop growth at approximately 330 ul l-1 CO2. Multiply that ratio by the value of WA at 330 ul l-1 to obtain the value on the right of the decimal. Typical values of the ratio for C4 plants are 1.1 to 1.2; 1.15 is used in CROPCOM.DAT for plants with the C4 photosynthetic pathway. Typical values of the ratio for C3 plants are 1.3 to 1.4; 1.35 is used in CROPCOM.DAT for these types of plants. (Kimball, 1983)",,,,real,,CROPCOM.DAT,3-n,17
CNY,Fraction of nitrogen in yield (kg kg-1): This is the fraction of nitrogen in the yield compared to the entire plant and affects the amount of nitrogen removed from the field through the harvesting of the crop. This was estimated from Morrison's Feeds and Feeding and other data sources of plant nutrition. The percentage N in Morrison was adjusted to a dry weight by dividing by the fraction of dry matter to total yield. (Range: 0.0 to 1.0),0,1,,real,,CROPCOM.DAT,3-n,18
CPY,Fraction of phosphorus in yield (kg kg-1): This is the fraction of phosphorus in the yield compared to the entire plant and affects the amount of phosphorus removed from the field through the harvesting of the crop. Estimated by the same procedure as CNY above. (Range: 0.0 to 1.0),0,1,,real,,CROPCOM.DAT,3-n,19
CKY,Fraction of potassium in yield (kg kg-1): This is the fraction of potassium in the yield compared to the entire plant and affects the amount of potassium removed from the field through the harvesting of the crop. Estimated by the same procedure as CNY above. (Range: 0.0 to 1.0),0,1,,real,,CROPCOM.DAT,3-n,20
WYSF,Lower limit of harvest index: Fraction between 0 and HI values that represents the lowest harvest index expected due to water stress. (Range: 0 to 1),0,1,,real,,CROPCOM.DAT,3-n,21
PST,"Pest (insects and disease) factor: Fraction of yield remaining after damage. Usually set at 0.60. EPIC has an adjustment process that is a function of moisture, temperature, and residue. This presently is a reasonable estimate, but future versions may include more detailed procedures. You may wish to adjust the parameter in geographic areas known to have large amounts of damage from pests. (Range: 0 to 1)",0,1,,real,,CROPCOM.DAT,3-n,22
CSTS,Seed cost ($ kg-1): Cost of seed is used for economic analyses only.,,,,real,,CROPCOM.DAT,3-n,23
PRYG,Price for grain yield ($ t-1): Price for grain yield is used for economic analyses only.,,,,real,,CROPCOM.DAT,3-n,24
PRYF,Price for forage yield ($ t-1): Price for forage yield is used for economic analyses only.,,,,real,,CROPCOM.DAT,3-n,25
WCY,"Fraction water in yield: The amount of water present in the yield at the time of harvest. The yields of most grain crops are reported at a standard grain water content; however, for some applications, grain dry weight is appropriate (WCY = 0). EPIC yield output is dry weight. (Range: 0.0 to 1.0)",0,1,,real,,CROPCOM.DAT,3-n,26
BN(1),Fraction on nitrogen in plant at emergence: Normal fraction of N in plant biomass at emergence. This parameter is based on research results published in the literature for each (or similar) plant.,,,,real,,CROPCOM.DAT,3-n,27
BN(2),Fraction on nitrogen in plant at 0.5 maturity: Normal fraction of N in plant biomass at mid growing season. This parameter is based on research results published in the literature for each (or similar) plant.,,,,real,,CROPCOM.DAT,3-n,28
BN(3),Fraction on nitrogen in plant at maturity: Normal fraction of N in plant biomass at maturity. This parameter is based on research results published in the literature for each (or similar) plant.,,,,real,,CROPCOM.DAT,3-n,29
BP1,Fraction on phosphorus in plant at emergence: Normal fraction of P in plant biomass at emergence. This parameter is based on research results published in the literature for each (or similar) plant.,,,,real,,CROPCOM.DAT,3-n,30
BP(2),Fraction on phosphorus in plant at 0.5 maturity: Normal fraction of P in plant biomass at mid growing season. This parameter is based on research results published in the literature for each (or similar) plant.,,,,real,,CROPCOM.DAT,3-n,31
BP(3),Fraction on phosphorus in plant at maturity: Normal fraction of P in plant biomass at maturity. This parameter is based on research results published in the literature for each (or similar) plant.,,,,real,,CROPCOM.DAT,3-n,32
BK(1),Fraction on potassium in plant at emergence: Normal fraction of K in plant biomass at emergence. This parameter is based on research results published in the literature for each (or similar) plant.,,,,real,,CROPCOM.DAT,3-n,33
BK(2),Fraction on potassium in plant at 0.5 maturity: Normal fraction of K in plant biomass at mid growing season. This parameter is based on research results published in the literature for each (or similar) plant.,,,,real,,CROPCOM.DAT,3-n,34
BK(3),Fraction on potassium in plant at maturity: Normal fraction of K in plant biomass at maturity. This parameter is based on research results published in the literature for each (or similar) plant.,,,,real,,CROPCOM.DAT,3-n,35
BWD(1),Wind erosion factor for standing live biomass: Based on the Manhattan wind erosion equations for each (or similar) plant.,,,,real,,CROPCOM.DAT,3-n,36
BWD(2),Wind erosion factor for standing dead biomass: Based on the Manhattan wind erosion equations for each (or similar) plant.,,,,real,,CROPCOM.DAT,3-n,37
BWD(3),Wind erosion factor for flat residue: Based on the Manhattan wind erosion equations for each (or similar) plant.,,,,real,,CROPCOM.DAT,3-n,38
IDC,"Crop category ID number: This ID number is used internally to identify the type of crop simulated by the model. Crop categories are: 1. Warm season annual legume, 2. Cold season annual legume, 3. Perennial legume, 4. Warm season annual, 5. Cold season annual, 6. Perennial, 7. Evergreen tree, 8. Deciduous tree, 9. Cotton, 10. Leguminous tree.",1,10,,integer,1=warm season annual legume; 2=cold season annual legume; 3=perennial legume; 4=warm season annual; 5=cold season annual; 6=perennial; 7=evergreen tree; 8=deciduous tree; 9=cotton; 10=leguminous tree,CROPCOM.DAT,3-n,39
FRST(1),"First point on frost damage curve: The first of two points on the frost damage curve. Numbers before the decimal point are the minimum temperatures ( °C) and numbers after the decimal point are the fraction of biomass lost each day the specified minimum temperature occurs. NOTE: 10.20 means 20 percent of the biomass is lost each day a temperature of -10  °C is reached. The negative sign on degrees is added by EPIC since no frost damage is assumed to occur above 0  °C. These two parameters should be based on a combination of research results and observation. Precise data for field application is subject to microclimate variation across the landscape. Current parameters are reasonable estimates; however, they are more likely to understate frost damage than to overstate frost damage.",,,,real,,CROPCOM.DAT,3-n,40
FRST(2),Second point on frost damage curve: Second of two points on the frost damage curve. Numbers before the decimal point are the minimum temperatures ( °C) and numbers after the decimal point are the fraction of biomass lost each day the specified minimum temperature occurs.,,,,real,,CROPCOM.DAT,3-n,41
WAVP,"Parameter relating vapor pressure deficit to WA: In EPIC, radiation use efficiency (WA) is sensitive to vapor pressure deficit (VPD). As VPD increases, WA decreases. The crop parameter WAVP is the rate of the decline in WA per unit increase in VPD. The value of WAVP varies among species, but a value of 6 to 8 is suggested as an approximation for most crops.",,,,real,,CROPCOM.DAT,3-n,42
VPTH,"Threshold VPD (kPa): In EPIC, leaf conductance is to VPD until VPD (calculated hourly) exceeds the threshold value, VPTH (usually 0.5 to 1.0 kPa).",,,,real,,CROPCOM.DAT,3-n,43
VPD2,"VPD value (kPa): In EPIC, leaf conductance declines linearly as VPD increases above VPTH. VPD2 is a double parameter in which the number on the left of the decimal point is some value of VPD above VPTH (e.g., 4.0), and the number on the right of the decimal point is the corresponding fraction of the maximum leaf conductance at the value of VPD (e.g., 0.7).",,,,real,,CROPCOM.DAT,3-n,44
RWPC(1),Fraction of root weight at emergence: This is one of the partitioning parameters to split biomass between above ground and roots. RWPC(1) is the partitioning fraction at emergence and RWPC(2) is partitioning fraction at maturity. Between those two points there is a linear interpolation of the partitioning fraction relative to accumulative heat units. (Range: 0.0 to 1.0),0,1,,real,,CROPCOM.DAT,3-n,45
RWPC(2),Fraction of root weight at maturity: This is one of the partitioning parameters to split biomass between above ground and roots. RWPC(1) is the partitioning fraction at emergence and RWPC(2) is partitioning fraction at maturity. Between those two points there is a linear interpolation of the partitioning fraction relative to accumulative heat units. (Range: 0.0 to 1.0),0,1,,real,,CROPCOM.DAT,3-n,46
GMHU,Heat units required for germination ( °C): This is the amount of thermal units required by the seed to germinate. This delays germination from the planting date or the date at which the temperature of soil layer 2 exceeds TBSC. (Range: 0.0 to 500),0,500,,real,,CROPCOM.DAT,3-n,47
PPLP(1),"Plant Population – Leaf area index curve: First of two points on population curve. Plant Population for crops, grass etc., except trees or plants requiring more than 1 m ² per plant. The number to the left of the decimal is the number of plants (plants m- ²) and the number to the right is the fraction of maximum leaf area at that population. NOTE: if the crop is trees, the population is expressed as plants per hectare and the second plant population point is placed in the PPLP(1) position and the first point placed in the PPLP(2) position. Consequently, in the case of trees the first point should be the higher population. If entering plants m- ² then PPLP(1) < PPLP(2) If entering plants ha- ¹ then PPLP(1) > PPLP(2)",,,,real,,CROPCOM.DAT,3-n,48
PPLP(2),"Plant Population – Leaf area index curve: Second of two points on population curve. The number to the left of the decimal is the number of plants (plants m- ²) and the number to the right is the fraction of maximum leaf area at that population. NOTE: if the crop is trees, the population is expressed as plants per hectare and the second plant population point is placed in the PPLP(1) position and the first point placed in the PPLP(2) position. Consequently, in the case of trees the first point should be the higher population. If entering plants m- ² then PPLP(1) < PPLP(2) If entering plants ha- ¹ then PPLP(1) > PPLP(2). For example, corn can have PPLP(1) = 30.43 and PPLP(2) = 50.71. This means at 30 plants m- ² 43% of maximum leaf area can be attained. This is also the 1st point on the population curve. PPLP(2) means at 50 plants m- ² 71% of maximum leaf area can be attained. This is the 2nd point on population curve for corn production. Since PPLP(1) is less than PPLP(2), it shows the population density of a crop other than trees. However, for pine tree, PPLP(1) = 1000.95 and PPLP(2) = 100.10. While the numbers before and after decimal have the same explanations as given for corn, it indicates the population density is for a tree (hence in plants ha- ¹) because here PPLP(1) is greater than PPLP(2).",,,,real,,CROPCOM.DAT,3-n,49
STX(1),Salinity effect on yield ((t ha-1)/(mmho cm-1)): This is the yield decrease per increase in salinity.,,,,real,,CROPCOM.DAT,3-n,50
STX(2),Salinity threshold (mmho/cm): The threshold points at which any increase in salinity will cause a decrease in yield.,,,,real,,CROPCOM.DAT,3-n,51
BLG(1),Lignin fraction in plant at 0.5 maturity: Fraction of lignin when the plant reaches 0.5 maturity.,,,,real,,CROPCOM.DAT,3-n,52
BLG(2),Lignin fraction in plant at full maturity: Fraction of lignin when the plant reaches full maturity.,,,,real,,CROPCOM.DAT,3-n,53
WUB,Water use conversion to biomass (t/mm): The amount of biomass produced per unit of water used by the plant. This value is used if the experimental water use – biomass conversion method is selected in the EPPICCONT file (ICG > 0).,,,,integer,,CROPCOM.DAT,3-n,54
FTO,"Fraction turnout for cotton (cols. 443-450) OR Leaf fall for deciduous trees: The fraction of lint present in the total plant material (lint + seed + trash (leaf and stem particles)) harvested. This value is higher for cotton which is picked compared to stripped because less trash is collected along with the lint and seed as it is harvested. A typical value for picker cotton is 0.38 and 0.27 for stripper cotton. This variable is valid only for cotton and the yield is reported in the field of grain yield (YLDG). In the calculation, FTO is used as: YLDG=YLDG+FTO*YY Where YY is the yield calculated as for any other crop considering the standing live biomass, the harvest index, the harvest efficiency, and pest damage. Turnout fraction = (lint weight / (seed weight + lint weight + trash weight)).For DECIDUOUS TREES, FTO represents the percent of biomass lost to leaf fall. Usually set FTO to 0.05 for deciduous trees.(Range: 0.01 to 0.90)",0.01,0.9,,real,,CROPCOM.DAT,3-n,55
FLT,"Fraction lint for cotton (cols. 451-458) The fraction of lint present in the total seed cotton (seed + lint) harvested. This variable differs from FTO in that trash is not included in the total harvested weight. Lint fraction cannot be less than turnout fraction. This variable is valid only for cotton and the yield is reported in the field of forage yield (YLDF). In the calculation, FTL is used as: YLDF=YLDF+YLDG*(1.0/FLT-1.0) Where YLDG is the yield calculated as described for FTO. Lint fraction = (lint weight / (seed weight + lint weight)) (Range: 0.01 to 1.00)",0.01,1,,real,,CROPCOM.DAT,3-n,56
CCEM,Carbon emission for seeding (kg kg-1) (cols. 459-466),,,,real,,CROPCOM.DAT,3-n,57
FLSL,Leaf weight at DLAI (fraction) (cols. 467-474) It is the ratio between weight of leaves weight and weight of standing live biomass. (Range: 0.01 to 1.00),0.01,1,,real,,CROPCOM.DAT,3-n,58
DESC_C,Description,,,,text,,CROPCOM.DAT,3-n,
I,Fertilizer ID. Unique number to identify the fertilizer. This number is used in the EPIC management file JX(7) to identify the fertilizer that must be simulated.,,,,integer,,FERTCOM.DAT,3-n,ID
FTNM,Fertilizer name. A descriptive name that usually includes the N-P-K analysis or the type of manure.,,,,text,,FERTCOM.DAT,3-n,Name
FN,Mineral N fraction (cols. 15-22) Fraction of mineral nitrogen in the bulk fertilizer. (Range: 0.0 to 1.0),0,1,,real,,FERTCOM.DAT,3-n,1
FP,"Mineral P fraction (cols. 23-30) Fraction of mineral phosphorus in the bulk fertilizer. This is the fraction of elemental phosphorus, not P2O5. To convert fraction of P2O5 to elemental phosphorus, multiply by 0.4366. (Range: 0.0 to 1.0) 3 FK Mineral K fraction (cols. 31-38) Fraction of mineral potassium in the bulk fertilizer. This is the fraction of elemental potassium, not K2O. To convert fraction of K2O to elemental potassium, multiply by 0.8301. (Range: 0.0 to 1.0) 4 FNO Organic N fraction (cols. 39-46) This applies to organic fertilizers such as manures. This number must be obtained from an analysis test of the product. The amount is reported as a fraction. (Range: 0.0 to 1.0) 5 FPO Organic P fraction (cols. 47-54) This applies to organic fertilizers such as manures. This number must be obtained from an analysis test of the product. The amount is reported as a fraction. (Range: 0.0 to 1.0) 6 FNH3 Ammonia N fraction (FMH3/FN) (cols. 55-62) The fraction of mineral nitrogen in the fertilizer that is in the ammonium (NH4) form. (Range: 0.0 to 1.0) 7 FOC Organic C fraction (cols. 63-70) Organic carbon = organic matter / 1.72 (Range: 0.0 to 1.0) 8 FSLT Salt fraction (cols. 71-78) Amount of salt in fertilizer (Range: 0.0 to 1.0) 9 FCST Cost of fertilizer (cols. 79-86) Used for economic analyses only. Below are some examples of fertilizers. Commercial Fertilizer, Example 1 If a producer applies a commercially blended fertilizer with an analysis of 20-15-10 (N-P-K) the parameters would be set as follows: FN: 0.20 FP: 0.065 FK: 0.083 FNO: 0.00 FPO: 0.00 FNH3: 0.00",0,1,,real,,FERTCOM.DAT,3-n,2
FK,"Mineral K fraction. Fraction of mineral potassium in the bulk fertilizer. This is the fraction of elemental potassium, not K2O. To convert fraction of K2O to elemental potassium, multiply by 0.8301. (Range: 0.0 to 1.0)",0,1,,real,,FERTCOM.DAT,3-n,3
FNO,Organic N fraction. This applies to organic fertilizers such as manures. This number must be obtained from an analysis test of the product. The amount is reported as a fraction. (Range: 0.0 to 1.0),0,1,,real,,FERTCOM.DAT,3-n,4
FPO,Organic P fraction. This applies to organic fertilizers such as manures. This number must be obtained from an analysis test of the product. The amount is reported as a fraction. (Range: 0.0 to 1.0),0,1,,real,,FERTCOM.DAT,3-n,5
FNH3,Ammonia N fraction (FMH3/FN). The fraction of mineral nitrogen in the fertilizer that is in the ammonium (NH4) form. (Range: 0.0 to 1.0),0,1,,real,,FERTCOM.DAT,3-n,6
FOC,Organic C fraction. Organic carbon = organic matter / 1.72. (Range: 0.0 to 1.0),0,1,,real,,FERTCOM.DAT,3-n,7
FSLT,Salt fraction. Amount of salt in fertilizer. (Range: 0.0 to 1.0),0,1,,real,,FERTCOM.DAT,3-n,8
FCST,Cost of fertilizer. Used for economic analyses only.,,,,real,,FERTCOM.DAT,3-n,9
DESC_F,Description,,,,text,,FERTCOM.DAT,3-n,
J1,Pesticide ID. Unique number to identify the pesticide. This number is used in the EPIC management file (JX(7) in OPSCCOM.DAT) to identify the pesticide(s) that must be simulated.,,,,integer,,PESTCOM.DAT,3-n,ID
PSTN,Pesticide name. Common or brand name of the pesticide.,,,,text,,PESTCOM.DAT,3-n,Name
PSOL,Pesticide solubility (ppm) (cols. 23-34) The amount of the pesticide product which can dissolve in water.,,,,real,,PESTCOM.DAT,3-n,1
PHLS,Pesticide half-life in soil (days) (cols. 35-42) The time that it takes for the pesticide product concentration in the soil to be reduced by half.,,,,real,,PESTCOM.DAT,3-n,2
PHLF,Pesticide half-life on foliage (days) (cols. 43-50) The time that it takes for the pesticide product concentration on the foliage to be reduced by half. Degradation occurs through microbial activity and/or sunlight.,,,,real,,PESTCOM.DAT,3-n,3
PWOF,Pesticide wash-off fraction (cols. 51-58) Percentage of the pesticide product that is applied to foliage that is washed off into the soil. (Range: 0.0 to 1.0),0,1,,real,,PESTCOM.DAT,3-n,4
PKOC,"Pesticide organic C absorption coefficient (cols. 59-68) The amount of pesticide products attached to the soil divided by the amount of the pesticide product in solution, normalized by organic carbon % in the soil. Refer to Environmental Contaminant Toxicological Reviews.",,,,real,,PESTCOM.DAT,3-n,5
PCST,Pesticide cost ($/KG) (cols. 69-76) Used for economic analyses only.,,,,real,,PESTCOM.DAT,3-n,6
PCEM,Carbon emission / unit of pesticide (g/g) (cols: 77-84),,,,real,,PESTCOM.DAT,3-n,7
DESC_P,Description,,,,text,,PESTCOM.DAT,3-n,
JZ(1),Number of years for the second to the last simulation (cols. 1-4) This is the number of years simulated with the multirun option. Each additional run is identified by a row in the multirun file. Set it to zero if the multirun option is not used.,,,0,integer,,MLRN1102.DAT,1-n,1
JZ(2),Soil erosion simulation (cols. 5-8) 0 for normal erosion soil profile. 1 for static soil profile erosion control practice factor. Soil profile is reset to the initial condition each year.,,,,real,0= normala; 1= static,MLRN1102.DAT,1-n,2
JZ(3),"Input code for weather variables (cols. 9-12) 1 Precipitation 2 Maximum and minimum temperatures 3 Solar radiation 4 Average wind speed 5 Average relative humidity If any daily weather variables are input, precipitation must also be input. Thus, it is not necessary to specify ID=1 unless rain is the only input variable For more information see variable NGN in the EPIC control table file (EPICCONT.DAT).",,,,integer,1= Precipitation; 2= Maximum and minimum temperatures; 3= Solar radiation; 4= Average wind speed; 5= Average relative humidity,MLRN1102.DAT,1-n,3
JZ(4),Daily weather station (cols. 13-16) It is the ID number of the daily weather station to use in the multirun. For more information see variable WITH in the EPIC run file (EPICRUN.DAT).,,,,integer,,MLRN1102.DAT,1-n,4
"SCRP(1,1)","Root growth restriction by rock or coarse soil fragments The number to the left of the decimal point is the % coarse fragments, and the number to the right of the decimal point is the fraction of root growth restriction. X = % coarse fragment",,,,real (paired x.y format),,PARM1102.DAT,1,1
"SCRP(1,2)","Root growth restriction by rock or coarse soil fragments The number to the left of the decimal point is the % coarse fragments, and the number to the right of the decimal point is the fraction of root growth restriction. X = % coarse fragment",,,,real (paired x.y format),,PARM1102.DAT,1,2
"SCRP(2,1)","Soil evaporation – depth Soil evaporation as a function of soil depth. The number to the left of decimal point is depth (mm), and the number to the right is fraction of soil evaporation between soil surface and specified depth. X = soil depth (mm)",,,,real (paired x.y format),,PARM1102.DAT,2,1
"SCRP(2,2)","Soil evaporation – depth Soil evaporation as a function of soil depth. The number to the left of decimal point is depth (mm), and the number to the right is fraction of soil evaporation between soil surface and specified depth. X = soil depth (mm)",,,,real (paired x.y format),,PARM1102.DAT,2,2
"SCRP(3,1)","Potential harvest index The number to the left of decimal point is % of growing season, and the number to the right is fraction of harvest index (drives potential harvest index development as a function of crop maturity). X = % of growing season",,,,real (paired x.y format),,PARM1102.DAT,3,1
"SCRP(3,2)","Potential harvest index The number to the left of decimal point is % of growing season, and the number to the right is fraction of harvest index (drives potential harvest index development as a function of crop maturity). X = % of growing season",,,,real (paired x.y format),,PARM1102.DAT,3,2
"SCRP(4,1)","Runoff curve number This is an exception to normal s-curve procedures. The number to the left of the decimal point is soil water content, and the number to the right is curve number. Soil water fraction taken from SCRP(30,n) to match CN2 and CN3 (average and wet condition runoff curve numbers). THIS IS ALWAYS LEFT AT 0.0, 0.0. SCRP (4) IS CALCULATED BASED ON SCRP(30).",,,,real (paired x.y format),,PARM1102.DAT,4,1
"SCRP(4,2)","Runoff curve number This is an exception to normal s-curve procedures. The number to the left of the decimal point is soil water content, and the number to the right is curve number. Soil water fraction taken from SCRP(30,n) to match CN2 and CN3 (average and wet condition runoff curve numbers). THIS IS ALWAYS LEFT AT 0.0, 0.0. SCRP (4) IS CALCULATED BASED ON SCRP(30).",,,,real (paired x.y format),,PARM1102.DAT,4,2
"SCRP(5,1)",Soil Cover Factor Estimates soil cover factor used in simulating soil temperature. The number to the left of the decimal point is the total above ground plant material dead and alive (Mg ha-1) and the number to the right is the soil cover factor (fraction). X = total above ground plant material (dead and live) Line Field 1 Field 2 Description number,,,,real (paired x.y format),,PARM1102.DAT,5,1
"SCRP(5,2)",Soil Cover Factor Estimates soil cover factor used in simulating soil temperature. The number to the left of the decimal point is the total above ground plant material dead and alive (Mg ha-1) and the number to the right is the soil cover factor (fraction). X = total above ground plant material (dead and live) Line Field 1 Field 2 Description number,,,,real (paired x.y format),,PARM1102.DAT,5,2
"SCRP(6,1)","Soil settling rainfall The number to the left of decimal point is rainfall-runoff adjusted for soil texture and depth (mm), and the number to the right of the decimal point is soil settling fraction caused by rainfall. X = rainfall (mm) adjusted for soil texture and depth",,,,real (paired x.y format),,PARM1102.DAT,6,1
"SCRP(6,2)","Soil settling rainfall The number to the left of decimal point is rainfall-runoff adjusted for soil texture and depth (mm), and the number to the right of the decimal point is soil settling fraction caused by rainfall. X = rainfall (mm) adjusted for soil texture and depth",,,,real (paired x.y format),,PARM1102.DAT,6,2
"SCRP(7,1)","Aeration stress – root growth The number to the left of decimal point is % of soil water storage volume between critical aeration factor (from CROPCOM.DAT file) and saturation, and the number to the right is % reduction in root growth caused by aeration stress. Determines the root growth aeration stress factor as a function of soil water content and the critical aeration factor for the crop. X = soil water-critical aeration factor",,,,real (paired x.y format),,PARM1102.DAT,7,1
"SCRP(7,2)","Aeration stress – root growth The number to the left of decimal point is % of soil water storage volume between critical aeration factor (from CROPCOM.DAT file) and saturation, and the number to the right is % reduction in root growth caused by aeration stress. Determines the root growth aeration stress factor as a function of soil water content and the critical aeration factor for the crop. X = soil water-critical aeration factor",,,,real (paired x.y format),,PARM1102.DAT,7,2
"SCRP(8,1)",N or P deficiency stress – based on plant N or P content The number to the left of decimal point is % of difference between plant N or P content ratios (ratio of actual potential N or P content). The number to the right is the N or P stress factor (=0.0 when N or P ratio = 0.5; = 1.0 when N or P ratio = 1). Determines the plant stress caused by N or P deficiency. X = % of optimal N or P content present in plant,,,,real (paired x.y format),,PARM1102.DAT,8,1
"SCRP(8,2)",N or P deficiency stress – based on plant N or P content The number to the left of decimal point is % of difference between plant N or P content ratios (ratio of actual potential N or P content). The number to the right is the N or P stress factor (=0.0 when N or P ratio = 0.5; = 1.0 when N or P ratio = 1). Determines the plant stress caused by N or P deficiency. X = % of optimal N or P content present in plant,,,,real (paired x.y format),,PARM1102.DAT,8,2
"SCRP(9,1)","Pest damage – temp, water, cover The number to the left of the decimal point is average daily minimum temperature adjusted for soil cover and 30-day antecedent rainfall minus runoff. The number to the right is crop yield reduction by pests expressed as a fraction of the difference between 1.0 and the minimum pest factor (from CROPCOM.DAT). Calculates the pest damage factor as a function of temperature, considering thresholds for 30-day rainfall and above ground plant material. One of several parameters used to regulate pest growth. See also PARM 9 and 10, PSTX in the EPIC control file (EPICCONT.DAT), and PST in the EPIC plant list file (CROPCOM.DAT). Line Field 1 Field 2 Description number",,,,real (paired x.y format),,PARM1102.DAT,9,1
"SCRP(9,2)","Pest damage – temp, water, cover The number to the left of the decimal point is average daily minimum temperature adjusted for soil cover and 30-day antecedent rainfall minus runoff. The number to the right is crop yield reduction by pests expressed as a fraction of the difference between 1.0 and the minimum pest factor (from CROPCOM.DAT). Calculates the pest damage factor as a function of temperature, considering thresholds for 30-day rainfall and above ground plant material. One of several parameters used to regulate pest growth. See also PARM 9 and 10, PSTX in the EPIC control file (EPICCONT.DAT), and PST in the EPIC plant list file (CROPCOM.DAT). Line Field 1 Field 2 Description number",,,,real (paired x.y format),,PARM1102.DAT,9,2
"SCRP(10,1)",Harvest Index – Plant Water Use The number to the left of the decimal point is the % of actual to potential plant water use during the growing season. The number to the right is the fraction of actual to potential harvest index. Calculates the effect of water stress on harvest index as a function of plant water use. X = plant water use during critical period,,,,real (paired x.y format),,PARM1102.DAT,10,1
"SCRP(10,2)",Harvest Index – Plant Water Use The number to the left of the decimal point is the % of actual to potential plant water use during the growing season. The number to the right is the fraction of actual to potential harvest index. Calculates the effect of water stress on harvest index as a function of plant water use. X = plant water use during critical period,,,,real (paired x.y format),,PARM1102.DAT,10,2
"SCRP(11,1)","Plant water stress – plant available water The number to the left of the decimal point is the ratio of root zone soil water content to plant available water storage volume, and the number to the right of the decimal point is the fraction of plant stress due to water stress. Estimates plant water stress as a function of plant available water stored. If Parm 35 = 1 then plant water stress is strictly a function of ET. X = ratio of root zone soil water content to plant available water storage volume",,,,real (paired x.y format),,PARM1102.DAT,11,1
"SCRP(11,2)","Plant water stress – plant available water The number to the left of the decimal point is the ratio of root zone soil water content to plant available water storage volume, and the number to the right of the decimal point is the fraction of plant stress due to water stress. Estimates plant water stress as a function of plant available water stored. If Parm 35 = 1 then plant water stress is strictly a function of ET. X = ratio of root zone soil water content to plant available water storage volume",,,,real (paired x.y format),,PARM1102.DAT,11,2
"SCRP(12,1)","N volatilization, as a function of NH3 depth in soil The number to the left of the decimal point is the depth at the center of soil layer (mm) and the number to the right is the nitrogen volatilization in (kg ha-1). Governs nitrogen volatilization as a function of soil depth. X = depth at the center of a soil layer (mm)",,,,real (paired x.y format),,PARM1102.DAT,12,1
"SCRP(12,2)","N volatilization, as a function of NH3 depth in soil The number to the left of the decimal point is the depth at the center of soil layer (mm) and the number to the right is the nitrogen volatilization in (kg ha-1). Governs nitrogen volatilization as a function of soil depth. X = depth at the center of a soil layer (mm)",,,,real (paired x.y format),,PARM1102.DAT,12,2
"SCRP(13,1)","Wind erosion - vegetative cover factor Calculates wind erosion vegetative cover factor as a function of above ground plant material. The number to the left of decimal point is vegetative equivalent in (Mg ha-1) and the number to the right is wind erosion cover factor (fraction). X = vegetative equivalent (C1*BIOM+C2*STD+C3*RSD). Where C1, C2, and C3 are coefficients, BIOM is above Line Field 1 Field 2 Description number",,,,real (paired x.y format),,PARM1102.DAT,13,1
"SCRP(13,2)","Wind erosion - vegetative cover factor Calculates wind erosion vegetative cover factor as a function of above ground plant material. The number to the left of decimal point is vegetative equivalent in (Mg ha-1) and the number to the right is wind erosion cover factor (fraction). X = vegetative equivalent (C1*BIOM+C2*STD+C3*RSD). Where C1, C2, and C3 are coefficients, BIOM is above Line Field 1 Field 2 Description number",,,,real (paired x.y format),,PARM1102.DAT,13,2
"SCRP(14,1)",Soil temperature – microbial processes Calculates soil temperature factor used in regulating microbial processes. The number to the left of the decimal point is soil temperature and the number to the right is factor (fraction). X = soil temperature ( °C),,,,real (paired x.y format),,PARM1102.DAT,14,1
"SCRP(14,2)",Soil temperature – microbial processes Calculates soil temperature factor used in regulating microbial processes. The number to the left of the decimal point is soil temperature and the number to the right is factor (fraction). X = soil temperature ( °C),,,,real (paired x.y format),,PARM1102.DAT,14,2
"SCRP(15,1)","Plant population in water erosion C-factor The number to the left of decimal point is plant population in plants per m2 or plants per ha for trees, and the number to the right is the water erosion cover factor (fraction) or the fraction of erosion control. Estimates plant population effect on USLE C-factor. X = plant population (plants m-2 or plants (trees) ha-1)",,,,real (paired x.y format),,PARM1102.DAT,15,1
"SCRP(15,2)","Plant population in water erosion C-factor The number to the left of decimal point is plant population in plants per m2 or plants per ha for trees, and the number to the right is the water erosion cover factor (fraction) or the fraction of erosion control. Estimates plant population effect on USLE C-factor. X = plant population (plants m-2 or plants (trees) ha-1)",,,,real (paired x.y format),,PARM1102.DAT,15,2
"SCRP(16,1)","Snowmelt function Increases snow melt as a function of time since the last snowfall. The number to the left of the decimal point is the time (days) since the last snowfall, and the number to the right of the decimal is the rate of melt as a function of time. X = time since the last snowfall (days).",,,,real (paired x.y format),,PARM1102.DAT,16,1
"SCRP(16,2)","Snowmelt function Increases snow melt as a function of time since the last snowfall. The number to the left of the decimal point is the time (days) since the last snowfall, and the number to the right of the decimal is the rate of melt as a function of time. X = time since the last snowfall (days).",,,,real (paired x.y format),,PARM1102.DAT,16,2
"SCRP(17,1)",Soil snow cover Estimates the snow cover factor as a function of snow present. The number to the left of the decimal point is the amount of snow present (mm of water) and the number on the right is the fraction of soil covered. X = snow present (mm water),,,,real (paired x.y format),,PARM1102.DAT,17,1
"SCRP(17,2)",Soil snow cover Estimates the snow cover factor as a function of snow present. The number to the left of the decimal point is the amount of snow present (mm of water) and the number on the right is the fraction of soil covered. X = snow present (mm water),,,,real (paired x.y format),,PARM1102.DAT,17,2
"SCRP(18,1)",Soil temperature – soil erosion Expresses soil temperature effect on erosion of frozen soils. X = temperature of second soil layer ( °C) Line Field 1 Field 2 Description number,,,,real (paired x.y format),,PARM1102.DAT,18,1
"SCRP(18,2)",Soil temperature – soil erosion Expresses soil temperature effect on erosion of frozen soils. X = temperature of second soil layer ( °C) Line Field 1 Field 2 Description number,,,,real (paired x.y format),,PARM1102.DAT,18,2
"SCRP(19,1)",Water table – ground water storage Drives water table between maximum and minimum limits as a function of ground water storage. X = % of maximum ground water storage,,,,real (paired x.y format),,PARM1102.DAT,19,1
"SCRP(19,2)",Water table – ground water storage Drives water table between maximum and minimum limits as a function of ground water storage. X = % of maximum ground water storage,,,,real (paired x.y format),,PARM1102.DAT,19,2
"SCRP(20,1)",Soil oxygen – soil depth Simulates oxygen content of soil as a function of depth. Used in microbial processes of residue decay. The number to the left of the decimal point is the depth to center of each soil layer (m) and the number to the right of the decimal point is the adjustment to the oxygen content. This parameter works in conjunction with Parm 53. (1 – Parm 53) x SCRP20 X = depth to center of each soil layer (m),,,,real (paired x.y format),,PARM1102.DAT,20,1
"SCRP(20,2)",Soil oxygen – soil depth Simulates oxygen content of soil as a function of depth. Used in microbial processes of residue decay. The number to the left of the decimal point is the depth to center of each soil layer (m) and the number to the right of the decimal point is the adjustment to the oxygen content. This parameter works in conjunction with Parm 53. (1 – Parm 53) x SCRP20 X = depth to center of each soil layer (m),,,,real (paired x.y format),,PARM1102.DAT,20,2
"SCRP(21,1)",Plant water stress – soil water tension Governs plant water stress as a function of soil water tension. X = gravimetric + osmotic tension,,,,real (paired x.y format),,PARM1102.DAT,21,1
"SCRP(21,2)",Plant water stress – soil water tension Governs plant water stress as a function of soil water tension. X = gravimetric + osmotic tension,,,,real (paired x.y format),,PARM1102.DAT,21,2
"SCRP(22,1)",Not used,,,,real (paired x.y format),,PARM1102.DAT,22,1
"SCRP(22,2)",Not used,,,,real (paired x.y format),,PARM1102.DAT,22,2
"SCRP(23,1)","Ground cover – leaf area index Estimates plant ground cover as a function of leaf area. The number to the left of the decimal point is the leaf area, and the number to the right of the decimal point is the fraction of ground cover. X = total LAI of all growing plants",,,,real (paired x.y format),,PARM1102.DAT,23,1
"SCRP(23,2)","Ground cover – leaf area index Estimates plant ground cover as a function of leaf area. The number to the left of the decimal point is the leaf area, and the number to the right of the decimal point is the fraction of ground cover. X = total LAI of all growing plants",,,,real (paired x.y format),,PARM1102.DAT,23,2
"SCRP(24,1)",Soil oxygen – soil carbon clay content Simulates oxygen content of the soil as a function of carbon and clay content. This S-curve number is used in microbial processes of residue decay. X = F(Carbon/Clay),,,,real (paired x.y format),,PARM1102.DAT,24,1
"SCRP(24,2)",Soil oxygen – soil carbon clay content Simulates oxygen content of the soil as a function of carbon and clay content. This S-curve number is used in microbial processes of residue decay. X = F(Carbon/Clay),,,,real (paired x.y format),,PARM1102.DAT,24,2
"SCRP(25,1)",Not Used,,,,real (paired x.y format),,PARM1102.DAT,25,1
"SCRP(25,2)",Not Used,,,,real (paired x.y format),,PARM1102.DAT,25,2
"SCRP(26,1)","Ground cover – standing live biomass Estimates plant ground cover as a function of standing live biomass. The number to the left of the decimal point is the standing live biomass (Mg ha-1), and the number to the right of the decimal point is the fraction of ground cover. X = standing live biomass (Mg ha-1)",,,,real (paired x.y format),,PARM1102.DAT,26,1
"SCRP(26,2)","Ground cover – standing live biomass Estimates plant ground cover as a function of standing live biomass. The number to the left of the decimal point is the standing live biomass (Mg ha-1), and the number to the right of the decimal point is the fraction of ground cover. X = standing live biomass (Mg ha-1)",,,,real (paired x.y format),,PARM1102.DAT,26,2
"SCRP(27,1)",Biological mixing – residue Increases biological mixing in soil layer 1 as residue increases. X = soil layer 1 residue in Mg ha-1,,,,real (paired x.y format),,PARM1102.DAT,27,1
"SCRP(27,2)",Biological mixing – residue Increases biological mixing in soil layer 1 as residue increases. X = soil layer 1 residue in Mg ha-1,,,,real (paired x.y format),,PARM1102.DAT,27,2
"SCRP(28,1)","Soil surface temperature Adjusts the soil surface temperature during the cold season considering the solar radiation. Suggested values:    SCRP(28,1) = 10.01    SCRP(28,2) = 20.90",,,,real (paired x.y format),,PARM1102.DAT,28,1
"SCRP(28,2)","Soil surface temperature Adjusts the soil surface temperature during the cold season considering the solar radiation. Suggested values:    SCRP(28,1) = 10.01    SCRP(28,2) = 20.90",,,,real (paired x.y format),,PARM1102.DAT,28,2
"SCRP(29,1)","Leaf fall function Time drive function to simulate leaf fall for trees. Suggested values:    SCRP(29,1) = 75.01    SCRP(29,2) = 95.99",,,,real (paired x.y format),,PARM1102.DAT,29,1
"SCRP(29,2)","Leaf fall function Time drive function to simulate leaf fall for trees. Suggested values:    SCRP(29,1) = 75.01    SCRP(29,2) = 95.99",,,,real (paired x.y format),,PARM1102.DAT,29,2
"SCRP(30,1)","Soil water content – curve number Exception to normal s-curve procedure; sets soil water contents coinciding with CN2 and CN3. X1 = soil water content as % of field capacity – wilting point X2 = soil water content as % of saturation – field capacity This parameter does not follow the same X, qY format as the other parameters. In this case Y is always 0. EXAMPLE: X1 = 45.00; this indicates that CN2 is 45% of the volume between field capacity and wilting point: Line Field 1 Field 2 Description number",,,,real (paired x.y format),,PARM1102.DAT,30,1
"SCRP(30,2)","Soil water content – curve number Exception to normal s-curve procedure; sets soil water contents coinciding with CN2 and CN3. X1 = soil water content as % of field capacity – wilting point X2 = soil water content as % of saturation – field capacity This parameter does not follow the same X, qY format as the other parameters. In this case Y is always 0. EXAMPLE: X1 = 45.00; this indicates that CN2 is 45% of the volume between field capacity and wilting point: Line Field 1 Field 2 Description number",,,,real (paired x.y format),,PARM1102.DAT,30,2
PRMT(1),Crop canopy-PET (cols. 1-8) Factor used to adjust crop canopy resistance in the Penman-Monteith PET equation. Default setting: 1.5 (Range: 1.0 to 2.0),1,2,1.5,real,,PARM1102.DAT,31,1
PRMT(2),Root growth-soil strength (cols. 9-16) Used to estimate root growth stress created by soil strength. PARM(2) is usually set between 1.15 and 1.2. High values minimize soil strength constraint on root growth. Setting PARM(2) = 2 eliminates all root growth stress. Default setting: 2.0 (Range: 1.0 to 2.0),1,2,2,real,,PARM1102.DAT,31,2
PRMT(3),Water stress-harvest index (cols. 17-24) Sets fraction of growing season when water stress starts reducing harvest index. Default setting: 0.75 (Range: 0.0 to 1.0),0,1,0.75,real,,PARM1102.DAT,31,3
PRMT(4),Not used (cols. 25-32),,,,real,,PARM1102.DAT,31,4
PRMT(5),Soil water lower limit (cols. 33-40) Lower limit of water content in the top 0.5 m soil depth expressed as a fraction of the wilting point water content. Default setting: 0.5 (Range: 0.0 to 1.0),0,1,0.5,real,,PARM1102.DAT,31,5
PRMT(6),Winter dormancy (h) (cols. 41-48) Causes dormancy in winter grown crops. Growth does not occur when day length is less than annual minimum day length + PARM(6). It is used to simulate dormancy. Default setting: 0.1 (Range: 0.0 to 1.0),0,1,0.1,real,,PARM1102.DAT,31,6
PRMT(7),"N fixation (cols. 49-56) Drives the process to estimate nitrogen fixation for legumes. At 1, fixation is limited by soil water or nitrate content or by crop growth stage. At 0 fixation meets crop nitrogen uptake demand. A combination of the two previously described scenarios is obtained by setting 0 < PARM(7) < 1. Default setting: 0.99 (Range: 0.0 to 1.0)",0,1,0.99,real,,PARM1102.DAT,31,7
PRMT(8),Soluble phosphorus runoff coefficient (0.1 m3 Mg-1) (cols. 57-64) P concentration in sediment divided by that of the water. Default setting: 15.0 (Range: 10 to 20),10,20,15,real,,PARM1102.DAT,31,8
PRMT(9),"Pest damage moisture threshold (mm) (cols. 65-72) It is used to regulate pest growth. The moisture considered is the previous 30-day rainfall minus runoff. See also PARM(10), PSTX in the Line - Field Description and number",25,250,25,real,,PARM1102.DAT,31,9
PRMT(10),"Pest damage cover threshold (Mg ha -1) (cols. 73-80) It is one of several parameters used to regulate pest growth. It considers crop residue + above ground biomass. This is the amount of residues required for pests to begin to grow. Setting PARM(10) at a large number (e.g., >50) will result in little or no pest growth because it will be impossible to reach such high levels of residue. See also PARM(10), PSTX in the EPICCONT.DAT file, PST in the CROPCOM.DAT file, and SCRP(9) above in this section. Default setting: 1.0 (Range: 0 to 50)",0,50,1,real,,PARM1102.DAT,31,10
PRMT(11),"Moisture required for seed germination (fraction) (cols. 1-8) Sets the minimum amount of moisture in the plow depth layer (set with PARM(16)) required to allow seed germination. PARM(11) refers to the fraction of available water in the plow depth that is required for germination. If PDSW/PDAW>PARM(11), germination will occur. PDSW is the soil water content present in the plow depth layer. PDAW is the plant available water (soil water at field capacity less the soil water at wilting point) in the plow depth layer. Typical values range from 0.3 to 0.9 for this parm. Setting the parm value <=0 essentially turns this parm off and germination will occur regardless of moisture content in the soil. Default setting: -100 (turned off) (Range: 0.0 to 1.0)",0,1,-100,real,,PARM1102.DAT,32,1
PRMT(12),Soil evaporation coefficient (cols. 9-16) Governs rate of soil evaporation from top 0.2 m of soil. Small values increase soil evaporation. Default setting: 2.5 (Range: 1.5 to 2.5) Line - Field Description and number,1.5,2.5,2.5,real,,PARM1102.DAT,32,2
PRMT(13),"Hargreaves PET equation exponent (Cols. 17-24) The original value of 0.5 was modified to 0.6 to increase evapotranspiration. If set to zero, the EPIC model will estimate the value of PARM(13) based on average climate condition of the study site. Default setting: 0.5 (Range: 0.5 to 0.6)",0.5,0.6,0.5,real,,PARM1102.DAT,32,3
PRMT(14),Nitrate leaching ratio (cols. 25-32) Ratio of nitrate concentration in surface runoff to nitrate concentration in percolate. A small value reduces nitrate concentration in runoff. Default setting: 1.0 (Range: 0.1 to 1.0),0.1,1,1,real,,PARM1102.DAT,32,4
PRMT(15),Not used (cols. 33-40),,,,real,,PARM1102.DAT,32,5
PRMT(16),"Plow layer depth (m) (cols. 41-48) Used to track soluble phosphorus concentration or weight, organic carbon, and soil water content. Default setting: 0.15 (Range: 0.05 to 0.2)",0.05,0.2,0.15,real,,PARM1102.DAT,32,6
PRMT(17),Crack flow coefficient (cols. 49-56) Fraction of inflow to a soil layer allowed to flow in cracks. Default setting: 0.0 (Range: 0.0 to 1.0),0,1,0,real,,PARM1102.DAT,32,7
PRMT(18),Pesticide leaching ratio (cols. 57-64) Pesticide concentration in surface runoff to pesticide concentration in percolate. Default setting: 0.1 (Range: 0.1 to 1.0) Line - Field Description and number,0.1,1,0.1,real,,PARM1102.DAT,32,8
PRMT(19),Fraction of maturity at spring growth initiation (cols. 65-72) Allows fall growing crops to reset heat unit index to a value greater than 0 when passing through the minimum temperature month. Default setting: 0.5 (Range: 0.0 to 1.0),0,1,0.5,real,,PARM1102.DAT,32,9
PRMT(20),Microbial decay rate coefficient (cols. 73-80) Adjusts soil water-temperature-oxygen equation. Default setting: 1.0 (Range: 0.5 to 1.5),0.5,1.5,1,real,,PARM1102.DAT,32,10
PRMT(21),KOC for carbon loss in water and sediment (cols. 1-8) KD = KOC X— C. Default setting: 1000 (Range: 500 to 1500),500,1500,1000,real,,PARM1102.DAT,33,1
PRMT(22),Potassium pool flow coefficient (cols. 9-16) Regulates flow between exchangeable and fixed potassium pools. Default setting: 0.00025 (Range: 0.00001 to 0.0005),0.00001,0.0005,0.00025,real,,PARM1102.DAT,33,2
PRMT(23),Exponential coefficient in RUSLE C factor equation (cols. 17-24) Used in estimating the residue effect. Default setting: 0.75 (Range: 0.5 to 1.5),0.5,1.5,0.75,real,,PARM1102.DAT,33,3
PRMT(24),Maximum depth for biological mixing (m) (cols: 25-32) Default setting: 0.3 (Range: 0.1 to 0.3),0.1,0.3,0.3,real,,PARM1102.DAT,33,4
PRMT(25),Biological mixing efficiency (cols. 33-40) Simulates mixing in topsoil by earth worms etc. Default setting: 0.03 (Range: 0.01 to 0.05),0.01,0.05,0.03,real,,PARM1102.DAT,33,5
PRMT(26),Exponential coefficient in RUSLE C factor equation (cols. 41-48) Used in estimating the effect of growing plants. Reduce to reduce C and erosion. Default setting: 0.1 (Range: 0.05 to 0.2),0.05,0.2,0.1,real,,PARM1102.DAT,33,6
PRMT(27),Lower limit nitrate concentration (g N/Mg soil) (cols: 49-56) Maintains soil nitrate concentration at or above PARM(27). Default setting: 0.01 (Range: 0.01 to 10.0),0.01,10,0.01,real,,PARM1102.DAT,33,7
PRMT(28),Acceptable plant N stress level (cols. 57-64) Used to estimate annual nitrogen application rate as part of the automatic fertilizer scheme. Default setting: 1.0 (Range: 0.1 to 1.0),0.1,1,1,real,,PARM1102.DAT,33,8
PRMT(29),Potassium pool flow coefficient (cols. 65-72) Regulates flow between soluble and exchangeable potassium pools. Default setting: 0.01 (Range: 0.001 to 0.02),0.001,0.02,0.01,real,,PARM1102.DAT,33,9
PRMT(30),"Oxygen-depth function method (cols. 73-80) Sets the amount of oxygen present in the soil based on depth or clay content. At 0.0 the calculation of the oxygen-depth function is based on the original EPIC approach, which is based on depth in the soil profile (see SCRP(20)). At 1.0 the calculation of the oxygen-depth function is based on the Kemanian approach, which is based on the clay content in the soil profile (see SCRP(24)). A combination of the two methods is obtained by setting 0.0 < PARM(30) < 1.0. Line - Field Description and number",,,,integer,,PARM1102.DAT,33,10
PRMT(31),Furrow irrigation sediment routing exponent (cols. 1-8) Exponent of water velocity function for estimating potential sediment concentration. Default setting: 1.0 (Range: 1.0 to 1.5),1,1.5,1,real,,PARM1102.DAT,34,1
PRMT(32),Minimum C factor value (cols. 9-16) It is the minimum C factor value in EPIC soil erosion equation. Default setting: 0.01 (Range: 0.0001 to 0.8),0.0001,0.8,0.01,real,,PARM1102.DAT,34,2
PRMT(33),Puddling saturated conductivity (mm h-1) (cols. 17-24) Used to simulate puddling in rice paddies by setting second soil layer saturated conductivity to the value set with PARM(33). Default setting: 0.001 (Range: 0.00001 to 0.1),0.00001,0.1,0.001,real,,PARM1102.DAT,34,3
PRMT(34),Soluble P runoff exponent (cols. 25-32) Used in the modified GLEAMS method makes soluble phosphorus runoff concentration a nonlinear function of organic phosphorus concentration in soil layer 1. Default setting: 1.0 (Range: 1.0 to 1.5) Line - Field Description and number,1,1.5,1,integer,,PARM1102.DAT,34,4
PRMT(35),Water stress weighting coefficient (cols. 33-40) Defines how the water stress is estimated during the simulation. At 0 plant water stress is strictly a function of soil water content; at 1 plant water stress is strictly a function actual ET divided by potential ET. 0 < PARM(35) < 1 considers both approaches. Default setting: 0.5 (Range: 0.0 to 1.0),0,1,0.5,integer,,PARM1102.DAT,34,5
PRMT(36),Furrow irrigation base sediment concentration (Mg m -3) (cols. 41-48) Potential sediment concentration when flow velocity = 1 (m sec -1). Default setting: 0.1 (Range: 0.01 to 0.2),0.01,0.2,0.1,real,,PARM1102.DAT,34,6
PRMT(37),Pest kill scaling factor (cols. 49-56) Scales pesticide kill effectiveness to magnitude of pest growth index. Default setting: 100 (Range: 100 to 10000),100,10000,100,real,,PARM1102.DAT,34,7
PRMT(38),Hargreaves PET equation coefficient (cols. 57-64) Original value = 0.0023. modified to 0.0032 to increase PET. Default setting: 0.0032 (Range: 0.0023 to 0.0032),0.0023,0.0032,0.0032,real,,PARM1102.DAT,34,8
PRMT(39),Auto N fertilizer scaling factor (cols. 65-72) Sets initial annual crop N use considering WA and BN3 from the CROPCOM.DAT file. Default setting: 300 (Range: 50 to 500),50,500,300,real,,PARM1102.DAT,34,9
PRMT(40),Not used (cols. 73-80) Line - Field Description and number,,,,real,,PARM1102.DAT,34,10
PRMT(41),"Soil evaporation-cover coefficient (cols. 1-8) Regulates soil water evaporation as a function of soil covered by flat and standing residue, and growing biomass. Default setting: 0.1 (Range: 0.01 to 0.2)",0.01,0.2,0.1,real,,PARM1102.DAT,35,1
PRMT(42),SCS curve number index coefficient (cols. 9-16) Regulates the effect of PET in driving the SCS curve number retention parameter. This parameter works only when NVCN in control table file (EPICCONT.DAT) is equal to 4. Default setting: 1.0 (Range: 0.3 to 2.5),0.3,2.5,1,real,,PARM1102.DAT,35,2
PRMT(43),Upward movement of soluble P (cols. 17-24) Regulates the upward movement of soluble phosphorus by evaporation. Default setting: 1.0 (Range: 1.0 to 20.0),1,20,1,real,,PARM1102.DAT,35,3
PRMT(44),Soluble C in runoff to percolate ratio (cols. 25-32) Ratio of soluble C concentration in runoff to percolate. Default setting: 0.5 (Range: 0.1 to 1.0),0.1,1,0.5,real,,PARM1102.DAT,35,4
PRMT(45),CENTURY eq. coefficient (cols. 33-40) Coefficient in century equation allocating slow to passive humus Default setting: 0.003. (Range: 0.001 to 0.05),0.001,0.05,0.003.,real,,PARM1102.DAT,35,5
PRMT(46),Auto fertilizer weighting factor (cols. 41-48) Adjusts the approach used to set automatic nitrogen fertilization. At 0.0 nitrogen application equals average annual nitrogen in crop yield. At 1.0 the nitrogen stress function is used to set nitrogen application. The two methods are weighted with PARM(46) for values between 0.0 and 1.0. Line - Field Description and number,0,1,1,integer,,PARM1102.DAT,35,6
PRMT(47),CENTURY eq. slow humus transformation (cols. 49-56) Century slow humus transformation rate. Default setting: 0.000548 (Range: 0.00041 to 0.00068),0.00041,0.00068,0.000548,real,,PARM1102.DAT,35,7
PRMT(48),CENTURY eq. passive humus transformation (cols. 57-64) Century passive humus transformation rate Default setting: 0.000012 (Range: 0.0000082 to 0.000015),0.0000082,0.000015,0.000012,real,,PARM1102.DAT,35,8
PRMT(49),Fraction of above ground plant material burned (cols. 65-72) Burning operation destroys specified fraction of above ground biomass and standing and flat residue. Default setting: 0.9 (Range: 0.5 to 1.0),0.5,1,0.9,real,,PARM1102.DAT,35,9
PRMT(50),"Technology annual rate coefficient (cols. 73-80) Linear adjustment to harvest index – base year = 2000. Set to zero for level technology. Increase to increase technology effect on crop yield. With constant PARM(50) > 0.0, the effect of technology increases year after year. Default setting: 0.0 (Range: 0.0 to 0.01)",0,0.01,0,real,,PARM1102.DAT,35,10
PRMT(51),Microbial activity adjustment (cols. 1-8) Adjusts the microbial activity function in topsoil layer. Default setting: 0.5 (Range: 0.1 to 1.0) Line - Field Description and number,0.1,1,0.5,real,,PARM1102.DAT,36,1
PRMT(52),Tillage – residue decay rate (cols. 9-16) Exponential coefficient in equation expressing tillage effect on residue decay rate. Default setting: 10.0 (Range: 5.0 to 15.0),5,15,10,real,,PARM1102.DAT,36,2
PRMT(53),Oxygen effect – microbial activity (cols. 17-24) Coefficient in oxygen equation used in modifying microbial activity with soil depth. It works along with SCRP(20). Default setting: 0.9 (Range: 0.8 to 0.95),0.8,0.95,0.9,real,,PARM1102.DAT,36,3
PRMT(54),Water use – root growth (cols. 25-32) Exponential coefficient in potential water use root growth distribution equation. Default setting: 5.0 (Range: 2.5 to 7.5),2.5,7.5,5,real,,PARM1102.DAT,36,4
PRMT(55),Weight for root growth approach (cols. 33-40) Coefficient used in allocating root growth between two functions. At 0 root growth is simulated as exponential distribution of depth; at 1 root growth is simulated as a function of water use. Values between 0 and 1 weight the two functions. Default setting: 0.0 (Range: 0.0 to 1.0),0,1,0,integer,,PARM1102.DAT,36,5
PRMT(56),Root growth distribution – depth (cols. 41-48) Exponential coefficient in root growth distribution by depth function. Default setting: 5.0 (Range: 5.0 to 10.0) Line - Field Description and number,5,10,5,real,,PARM1102.DAT,36,6
PRMT(57),Volatilization/nitrification partitioning coefficient (cols. 49-56) Fraction of process allocated to volatilization. Default setting: 0.1 (Range: 0.05 to 0.5),0.05,0.5,0.1,real,,PARM1102.DAT,36,7
PRMT(58),Runoff amount to delay pest application (mm) (cols. 57-64) Pesticide is not applied on days with runoff greater than PARM(58). Default setting: 500.0 (no delay) (Range: 0.0 to 25.0),0,25,500,real,,PARM1102.DAT,36,8
PRMT(59),Soil water value to delay tillage (cols. 65-72) Tillage is delayed when PDSW/FCSW>PARM(59). PDSW = Plow depth soil water content FCSW = Field capacity soil water content Setting PARM(59) to a value greater than 1.0 will turn off this option giving no delay in tillage operations. Default setting: 10.0 (no delay) (Range: 0.0 to 1.0),0,1,10,integer,,PARM1102.DAT,36,9
PRMT(60),Estimation of USLE C factor (cols. 73-80) Relates USLE C factor to soil covered by flat and standing residue and growing biomass. Default setting: 1.0 (Range: 0.5 to 2.0),0.5,2,1,real,,PARM1102.DAT,36,10
PRMT(61),Weighting factor for estimating soil evaporation (cols. 1-8) This parameter allows to weigh the approach used in estimating the soil evaporation. At 0 total compensation of water deficit is allowed between soil layers. At 1 no compensation is allowed. 0.0 < PARM(61) < 1.0 gives partial compensation. Default setting: 0.0 (Range: 0.0 to 1.0) Line - Field Description and number,0,1,0,integer,,PARM1102.DAT,37,1
PRMT(62),Upward nitrogen movement (cols. 9-16) Exponential coefficient regulates upward N movement by evaporation increasing PARM(62) increases upward N movement. Default setting: 1.0 (Range: 0.2 to 2.0),0.2,2,1,real,,PARM1102.DAT,37,2
PRMT(63),Nitrogen concentration in leaching (ppm) (cols. 17-24) Upper limit of N concentration in percolating water. Default setting: 1000 (Range: 100 to 10000),100,10000,1000,real,,PARM1102.DAT,37,3
PRMT(64),Nitrification – volatilization (cols. 25-32) Upper limit of nitrification-volatilization as a fraction of NH3 present. Default setting: 0.5 (Range: 0.0 to 1.0),0,1,0.5,real,,PARM1102.DAT,37,4
PRMT(65),Curve number – frozen soil (cols. 33-40) Reduces NRCS runoff curve number retention for frozen soil. Fraction of S (retention Parameter) when soil is frozen. Reduced to increase runoff from frozen soils. Default setting: 0.05 (Range: 0.05 to 0.5),0.05,0.5,0.05,real,,PARM1102.DAT,37,5
PRMT(66),Standing dead fall rate (cols. 41-48) Governs rate of standing dead conversion to flat residue. Default setting: 0.01 (Range: 0.0001 to 0.1) Line - Field Description and number,0.0001,0.1,0.01,real,,PARM1102.DAT,37,6
PRMT(67),Wind erosion – wind speed (m sec-1) (cols. 49-56) Sets wind speed threshold to simulate wind driven soil erosion. Wind driven soil erosion is not simulated if wind speed is less than the threshold set with PARM(67). Default setting: 6.0 (Range: 4.0 to 10.0),4,10,6,real,,PARM1102.DAT,37,7
PRMT(68),Nitrogen fixation upper limit (kg ha -1 d-1) (cols. 57-64) Sets the daily nitrogen fixation upper limit. Default setting: 2.0 (Range: 1.0 to 30.0),1,30,2,real,,PARM1102.DAT,37,8
PRMT(69),"Heat unit adjustment at harvest (cols. 65-72) If PARM(69) > 0.0, sets back the heat units to a fraction controlled by PARM(69) and by harvest index. Default setting: 0.0 (Range: 0.0 to 1.0)",0,1,0,real,,PARM1102.DAT,37,9
PRMT(70),Day length – LAI development (cols. 73-80) Power of change in day length component of LAI growth equation. Causes faster growth in spring and slower growth in fall. Default setting: 3.0 (Range: 1.0 to 10.0),1,10,3,real,,PARM1102.DAT,37,10
PRMT(71),RUSLE 2 transport capacity parameter (cols. 1-8) Regulates deposition as a function of particle size and flow rate. Default setting: 0.001 (Range: 0.001 to 0.1),0.001,0.1,0.001,real,,PARM1102.DAT,38,1
PRMT(72),RUSLE 2 Threshold transport capacity coefficient (cols. 9-16) Adjusts threshold (flow rate X— slope steepness). Default setting: 3.0 (Range: 1.0 to 10.0),1,10,3,real,,PARM1102.DAT,38,2
PRMT(73),Curve number retention parameter (cols. 17-24) Sets the upper limit of curve number retention parameter S. SUL = PARM(73)X—S1 allows CN to go below CN1. Default setting: 1.2 (Range: 1.0 to 2.0),1,2,1.2,real,,PARM1102.DAT,38,3
PRMT(74),Penman-Monteith adjustment factor (cols. 25-32) Adjusts PM PET estimates. PARM(74)=1.0 results in no adjustment of the PM PET estimates. Default setting: 1.0 (Range: 0.5 to 1.5),0.5,1.5,1,real,,PARM1102.DAT,38,4
PRMT(75),Runoff CN residue adjustment parameter (cols. 33-40) Increases runoff for RSD<1.0 Mg ha-1. Decreases for RSD>1.0. Default setting: 0.0 (Range: 0.0 to 0.3),0,0.3,0,real,,PARM1102.DAT,38,5
PRMT(76),Harvest index adjustment for fruit and nut trees (cols. 41-48) Reduces yield when crop available soil water is less than PARM(76) Default setting: 1000 (Range: 100 to 1500),100,1500,1000,real,,PARM1102.DAT,38,6
PRMT(77),Phosphorus flux labile and active pool (cols. 49-56) Coefficient regulating P flux between labile and active pool. RMN = PARM(77) X— WPML – WPMA X— RTO RMN: mineralization rate WPML: content of labile P in layer WPMA: weight of active mineral P pool RTO: ratio PSP/1-PSP PSP: Phosphorus sorption ratio Line - Field Description and number,0.0001,0.001,0.0001,real,,PARM1102.DAT,38,7
PRMT(78),Phosphorus flux active and stable pool (cols. 57-64) Coefficient regulating P flux between active and stable pool. ROC = PARM(78) X— BK X— 4.0 X— WPMA – WPMS ROC: rate of stable P mineralization pool BK: rate constant that governs flow between active and mineral WPMS: weight of stable P pool Default setting: 0.0001 (Range: 0.0001 to 0.001),0.0001,0.001,0.0001,real,,PARM1102.DAT,38,8
PRMT(79),"Factor for locating appropriate weather stations (cols. 65-72) If IWTH in the EPIC run file (EPICRUN.DAT) is set to zero not providing a weather station, the EPIC model will identify a weather station to use for the simulation. With PARM(79) at 0.0 the weather station is identified giving priority to elevation. With PARM(79) at 1.0 the weather station is located giving priority to distance. 0.0 < PARM(79) < 1.0 considers both approaches. Default setting: 0.9 (Range: 0.0 to 1.0)",0,1,0.9,integer,,PARM1102.DAT,38,9
PRMT(80),Partitions of N2 and N2O from denitrification (cols. 73-80) N2 fraction of denitrification in original EPIC denitrification function. Default setting: 0.2 (Range: 0.1 to 0.9),0.1,0.9,0.2,real,,PARM1102.DAT,38,10
PRMT(81),Runoff curve number adjustment (cols. 1-8) Used to adjust runoff volume. This parameter works only when NVCN in control table file (EPICCONT.DAT) is equal to 0. Default setting: 1.0 (Range: 0.1 to 2.0) Line - Field Description and number,0.1,2,1,real,,PARM1102.DAT,39,1
PRMT(82),Biomass pool transformation approach (cols. 9-16) Microbial N:C ratio at which N immobilization is maximum. PARM(82) = CRLNC in model source code. Default setting: 0.0667 (Range: 0.025 to 0.075),0.025,0.075,0.0667,integer,,PARM1102.DAT,39,2
PRMT(83),Biomass pool transformation approach (cols. 17-24) Microbial N:C ratio at which N immobilization ceases. PARM(83) = CRUNC in model source code. Default setting: 0.2 (Range: 0.04 to 0.2),0.04,0.2,0.2,integer,,PARM1102.DAT,39,3
PRMT(84),Specific base rate for ammonification (1/day) (cols. 25-32) PARM(84) = WKA in model source code. Used in Phoenix C N dynamic approach (see ICP in EPICCONT.DAT). Default setting: 0.3 (Range: 0.2 to 0.4),0.2,0.4,0.3,integer,,PARM1102.DAT,39,4
PRMT(85),Microbial N:C ratio at which ammonification is maximum (cols. 33-40) PRMT(85) = WNCMIN in model source code. Used in Phoenix C N dynamic approach (see ICP in EPICCONT.DAT). Default setting: 0.0667 (Range: 0.025 to 0.075),0.025,0.075,0.0667,integer,,PARM1102.DAT,39,5
PRMT(86),Microbial N:C ratio at which ammonification ceases (cols. 41-48) PARM(86) = WNCMAX in model source code. Used in Phoenix C N dynamic approach (see ICP in EPICCONT.DAT). Default setting: 0.2 (Range: 0.04 to 0.2) Line - Field Description and number,0.04,0.2,0.2,integer,,PARM1102.DAT,39,6
PRMT(87),Maximum rate of uptake of nitrogen during immobilization (gN gC-1 day-1) (cols. 49-56) PARM(87) = VMU in model source code. Used in Phoenix C N dynamic approach (see ICP in EPICCONT.DAT). Default setting: 0.0075 (Range: 0.00675 to 0.00825),0.00675,0.00825,0.0075,integer,,PARM1102.DAT,39,7
PRMT(88),Half Saturation constant for ammonia immobilization (mg N L -1) (cols. 57-64) PARM(88) = WKMNH3 in model source code. Used in Phoenix C N dynamic approach (see ICP in EPICCONT.DAT). Default setting: 2.0 (Range: 1.8 to 2.2),1.8,2.2,2,integer,,PARM1102.DAT,39,8
PRMT(89),Half Saturation constant for nitrite immobilization (mg N L -1) (cols. 65- 72) PARM(89) = WKMNO2 in model source code. Used in Phoenix C N dynamic approach (see ICP in EPICCONT.DAT). Default setting: 1.0 (Range: 0.9 to 1.1),0.9,1.1,1,integer,,PARM1102.DAT,39,9
PRMT(90),Half Saturation constant for nitrate immobilization (mg N L-1) (cols. 73- 80) PARM(90) = WKMNO3 in model source code Used in Phoenix C N dynamic approach (see ICP in EPICCONT.DAT). Default setting: 1.0 (Range: 0.9 to 1.1) Line - Field Description and number,0.9,1.1,1,integer,,PARM1102.DAT,39,10
PRMT(91),"Nitrogen plant uptake (cols. 1-8) Sets the fraction of plant nitrogen uptake in NO3 form, the reminder of nitrogen uptake is in NH3 form. Default setting: 0.9 (Range: 0.1 to 0.95)",0.1,0.95,0.9,real,,PARM1102.DAT,40,1
PRMT(92),Root decay lag factor (cols. 9-16) Prevents abrupt changes in root mass when standing live changes dramatically. Lag is directly related to factor and small values allow quicker change in root mass when standing live biomass changes. Default setting: 0.9 (Range: 0.0 to 1.0),0,1,0.9,real,,PARM1102.DAT,40,2
PRMT(93),Vertical Percolation Exponent (cols. 17-24) Exponent for calculating vertical percolation in /.soil layers as a function of actual hydraulic conductivity using the VSHC method (see IPRK in EPICCONT.DAT file) Default setting: 3.0 (Range: 1.0 to 6.0),1,6,3,integer,,PARM1102.DAT,40,3
PRMT(94),Radiation soil temperature factor (cols. 25-32) XZ=0.5X—(TMX-TMN)X—ST0/PARM(94) TMX = max air temperature TMN = min air temperature ST0 = solar radiation Default setting: 15.0 (Range: 10.0 to 20.0) Line - Field Description and number,10,20,15,real,,PARM1102.DAT,40,4
PRMT(95),Damping depth for soil temperature factor (cols. 33-40) X7=PARM(95)X—Z/DD Z = depth to the bottom of the soil layer DD = damping depth Default setting: 1.0 (Range: 0.5 to 1.5),0.5,1.5,1,real,,PARM1102.DAT,40,5
PRMT(96),NH3: NO3 mineralization ratio (cols. 41-48) Adjusts the NH3:NO3 mineralization ratio. At 1.0 all the mineralized nitrogen goes to NH3. At 0.0 all the mineralized nitrogen goes to NO3. Default setting: 0.5 (Range: 0.0 to 1.0),0,1,0.5,real,,PARM1102.DAT,40,6
PRMT(97),Vegetative cover factor upper limit (cols. 49-56) Sets the upper limits of the vegetative cover factor used in the simulation of soil temperature. Default setting: 0.7 (Range: 0.1 to 0.9),0.1,0.9,0.7,real,,PARM1102.DAT,40,7
PRMT(98),Snow cover factor upper limit (cols. 57-64) Sets the upper limits of the snow cover factor used in the simulation of the soil temperature. Default setting: 0.95 (Range: 0.75 to 0.99),0.75,0.99,0.95,real,,PARM1102.DAT,40,8
PRMT(99),"Daily weather – soil surface temperature (cols. 65-72) Used in the enhanced cosine function approach (see ISLT in EPICCONT.DAT file), it regulates the effect of actual daily weather on the soil surface temperature. It adjusts the difference between the soil surface temperature estimated with the cosine function and the soil surface temperature estimated considering solar radiation, air temperature, and soil cover factor. Default setting: 0.6 (Range: 0.5 to 0.95) Line - Field Description and number",0.5,0.95,0.6,integer,,PARM1102.DAT,40,9
PRMT(100),"Soil layer depth – layer temperature (cols. 73-80) Used in the enhanced cosine approach (see ISLT in EPICCONT.DAT file), it regulates the effect of soil layer depth and damping depth on the estimated soil layer temperature. Default setting: 2.0 (Range: 0.7 to 2.0)",0.7,2,2,integer,,PARM1102.DAT,40,10
PRMT(101),"Soil surface temperature transfer adjustment (cols. 1-8) Used in temperature transfer approach (see ISLT in EPICCONT.DAT file), it adjusts the temperature transfer coefficient. When set at 1.0, it gives full effect of daily weather and soil cover causing large variation in soil temperature estimation from day to day. When PARM(101) approaches 0.0, estimated soil temperature becomes a smooth cosine curve repeating itself every year. Default setting: 0.6 (Range: 0.0 to 1.0)",0,1,0.6,integer,,PARM1102.DAT,41,1
PRMT(102),"Soil temperature transfer adjustment (cols. 9-16) Used in the temperature transfer approach (see ISLT in EPICCONT.DAT file), it adjusts the temperature transfer between soil layers. Default setting: 0.9 (Range: 0.0 to 1.0)",0,1,0.9,integer,,PARM1102.DAT,41,2
PRMT(103),"Bottom soil layer temperature estimation (cols. 17-24) Used in the temperature transfer approach (see ISLT in EPICCONT.DAT file), it regulates the soil temperature in the bottom soil layer as a function of soil depth and damping depth. Default setting: 1.5 (Range: 1.0 to 3.0)",1,3,1.5,integer,,PARM1102.DAT,41,3
PRMT(104),Not used (cols. 25-32),,,,real,,PARM1102.DAT,41,4
PRMT(105),Not used (cols. 33-40),,,,real,,PARM1102.DAT,41,5
COIR,Cost of irrigation water ($ m-3 ) This is the cost of water used for irrigation.,,,,real,,PARM1102.DAT,42,1
COL,Cost of lime ($ Mg-1 ) Cost of one metric ton (equal to one megagram - Mg) of lime.,,,,real,,PARM1102.DAT,42,2
FULP,Cost of fuel ($ gal-1 ) Cost of one gallon of fuel.,,,,real,,PARM1102.DAT,42,3
WAGE,Cost of labor ($ h-1) Hourly cost of labor.,,,,real,,PARM1102.DAT,42,4
XKN50,Michaelis-Menten NO3- reduction constant (g m-3) (cols. 1-8) Used in the Izaurralde denitrification approach (see IDN in EPICCONT.DAT file). Default setting: 250 (Range: 100 to 500),100,500,250,real,,PARM1102.DAT,43,1
XKN30,Michaelis-Menten NO2- reduction constant (g m-3) (cols. 9-16) Used in the Izaurralde denitrification approach (see IDN in EPICCONT.DAT file). Default setting: 25 (Range: 15 to 40),15,40,25,real,,PARM1102.DAT,43,2
XKN10,Michaelis-Menten N2O reduction constant (g m-3) (cols. 17-24) Used in the Izaurralde denitrification approach (see IDN in EPICCONT.DAT file). Default setting: 1.0 (Range: 0.01 to 2.5) Line - Field Description and number,0.01,2.5,1,real,,PARM1102.DAT,43,3
CBVT0,"BioVolume of organisms (cols. 25-32) It is the cumulative proportion of the BioVolume of spherical and cylindrical organisms. Used in the Izaurralde denitrification approach (see IDN in EPICCONT.DAT file). Default setting: 0.5 (Range: 0.2 to 0.8) Detailed information on PARMs 82, 83, 84, 85, 86, 87, 88, 90, XKN50, XKN30, XKN10, and CBVT0 can be found in Izaurralde et al., 2017.",0.2,0.8,0.5,real,,PARM1102.DAT,43,4
